instrument,youtube_id,sample_key,video_path,sample_dir
accordion,iB17xqmFw3A,accordion/iB17xqmFw3A,raw_videos/accordion/iB17xqmFw3A.mp4,processed/accordion/iB17xqmFw3A
accordion,QaOUijKCqZU,accordion/QaOUijKCqZU,raw_videos/accordion/QaOUijKCqZU.mp4,processed/accordion/QaOUijKCqZU
accordion,yy2vL2RUiPI,accordion/yy2vL2RUiPI,raw_videos/accordion/yy2vL2RUiPI.mp4,processed/accordion/yy2vL2RUiPI
accordion,A2p8VW61RGc,accordion/A2p8VW61RGc,raw_videos/accordion/A2p8VW61RGc.mp4,processed/accordion/A2p8VW61RGc
accordion,Q-Jkk6mJ8AI,accordion/Q-Jkk6mJ8AI,raw_videos/accordion/Q-Jkk6mJ8AI.mp4,processed/accordion/Q-Jkk6mJ8AI
accordion,1mCi6eWXVbg,accordion/1mCi6eWXVbg,raw_videos/accordion/1mCi6eWXVbg.mp4,processed/accordion/1mCi6eWXVbg
accordion,PMDSfAZ4-eo,accordion/PMDSfAZ4-eo,raw_videos/accordion/PMDSfAZ4-eo.mp4,processed/accordion/PMDSfAZ4-eo
accordion,E6jlrR-M3tk,accordion/E6jlrR-M3tk,raw_videos/accordion/E6jlrR-M3tk.mp4,processed/accordion/E6jlrR-M3tk
accordion,XZ1rUpbdu-Y,accordion/XZ1rUpbdu-Y,raw_videos/accordion/XZ1rUpbdu-Y.mp4,processed/accordion/XZ1rUpbdu-Y
accordion,2gyrqiqTuiM,accordion/2gyrqiqTuiM,raw_videos/accordion/2gyrqiqTuiM.mp4,processed/accordion/2gyrqiqTuiM
accordion,OnT8HuJuuIA,accordion/OnT8HuJuuIA,raw_videos/accordion/OnT8HuJuuIA.mp4,processed/accordion/OnT8HuJuuIA
accordion,c7Jyu_OiEB0,accordion/c7Jyu_OiEB0,raw_videos/accordion/c7Jyu_OiEB0.mp4,processed/accordion/c7Jyu_OiEB0
accordion,qBnsIqyXheM,accordion/qBnsIqyXheM,raw_videos/accordion/qBnsIqyXheM.mp4,processed/accordion/qBnsIqyXheM
accordion,7C-udYVfjoY,accordion/7C-udYVfjoY,raw_videos/accordion/7C-udYVfjoY.mp4,processed/accordion/7C-udYVfjoY
accordion,MnoQccPJbyM,accordion/MnoQccPJbyM,raw_videos/accordion/MnoQccPJbyM.mp4,processed/accordion/MnoQccPJbyM
accordion,UYp3dKioAao,accordion/UYp3dKioAao,raw_videos/accordion/UYp3dKioAao.mp4,processed/accordion/UYp3dKioAao
accordion,z7HytxDeMwE,accordion/z7HytxDeMwE,raw_videos/accordion/z7HytxDeMwE.mp4,processed/accordion/z7HytxDeMwE
accordion,UKk9DJD1jOo,accordion/UKk9DJD1jOo,raw_videos/accordion/UKk9DJD1jOo.mp4,processed/accordion/UKk9DJD1jOo
accordion,-DlGdZNAsxA,accordion/-DlGdZNAsxA,raw_videos/accordion/-DlGdZNAsxA.mp4,processed/accordion/-DlGdZNAsxA
accordion,7G6QVPCHv6Q,accordion/7G6QVPCHv6Q,raw_videos/accordion/7G6QVPCHv6Q.mp4,processed/accordion/7G6QVPCHv6Q
accordion,qMFYRw0uZ_E,accordion/qMFYRw0uZ_E,raw_videos/accordion/qMFYRw0uZ_E.mp4,processed/accordion/qMFYRw0uZ_E
accordion,6hQHOZNwfRs,accordion/6hQHOZNwfRs,raw_videos/accordion/6hQHOZNwfRs.mp4,processed/accordion/6hQHOZNwfRs
accordion,nQpXK7PS-oo,accordion/nQpXK7PS-oo,raw_videos/accordion/nQpXK7PS-oo.mp4,processed/accordion/nQpXK7PS-oo
accordion,0N26WnKiCIg,accordion/0N26WnKiCIg,raw_videos/accordion/0N26WnKiCIg.mp4,processed/accordion/0N26WnKiCIg
accordion,CgCMBFcifVE,accordion/CgCMBFcifVE,raw_videos/accordion/CgCMBFcifVE.mp4,processed/accordion/CgCMBFcifVE
accordion,bq5utI8KK_8,accordion/bq5utI8KK_8,raw_videos/accordion/bq5utI8KK_8.mp4,processed/accordion/bq5utI8KK_8
accordion,fful4o8CIW8,accordion/fful4o8CIW8,raw_videos/accordion/fful4o8CIW8.mp4,processed/accordion/fful4o8CIW8
accordion,oOCHF3GgKLs,accordion/oOCHF3GgKLs,raw_videos/accordion/oOCHF3GgKLs.mp4,processed/accordion/oOCHF3GgKLs
accordion,KC2RgtW4IZ0,accordion/KC2RgtW4IZ0,raw_videos/accordion/KC2RgtW4IZ0.mp4,processed/accordion/KC2RgtW4IZ0
accordion,t_3Zm1PbydA,accordion/t_3Zm1PbydA,raw_videos/accordion/t_3Zm1PbydA.mp4,processed/accordion/t_3Zm1PbydA
accordion,Oytzh19NE6w,accordion/Oytzh19NE6w,raw_videos/accordion/Oytzh19NE6w.mp4,processed/accordion/Oytzh19NE6w
accordion,2WZsNZrbt6w,accordion/2WZsNZrbt6w,raw_videos/accordion/2WZsNZrbt6w.mp4,processed/accordion/2WZsNZrbt6w
accordion,vhVtX8F0-BY,accordion/vhVtX8F0-BY,raw_videos/accordion/vhVtX8F0-BY.mp4,processed/accordion/vhVtX8F0-BY
accordion,BH1RcLuHUo8,accordion/BH1RcLuHUo8,raw_videos/accordion/BH1RcLuHUo8.mp4,processed/accordion/BH1RcLuHUo8
accordion,4jGq3kfsJpg,accordion/4jGq3kfsJpg,raw_videos/accordion/4jGq3kfsJpg.mp4,processed/accordion/4jGq3kfsJpg
accordion,9okuB-rub8c,accordion/9okuB-rub8c,raw_videos/accordion/9okuB-rub8c.mp4,processed/accordion/9okuB-rub8c
accordion,q4kscRK91y4,accordion/q4kscRK91y4,raw_videos/accordion/q4kscRK91y4.mp4,processed/accordion/q4kscRK91y4
accordion,cFskXS823Kk,accordion/cFskXS823Kk,raw_videos/accordion/cFskXS823Kk.mp4,processed/accordion/cFskXS823Kk
accordion,1LnKd5cuqIc,accordion/1LnKd5cuqIc,raw_videos/accordion/1LnKd5cuqIc.mp4,processed/accordion/1LnKd5cuqIc
accordion,RRjph7N4hvk,accordion/RRjph7N4hvk,raw_videos/accordion/RRjph7N4hvk.mp4,processed/accordion/RRjph7N4hvk
accordion,MKSTzG114d0,accordion/MKSTzG114d0,raw_videos/accordion/MKSTzG114d0.mp4,processed/accordion/MKSTzG114d0
accordion,PohzBumrY2Q,accordion/PohzBumrY2Q,raw_videos/accordion/PohzBumrY2Q.mp4,processed/accordion/PohzBumrY2Q
accordion,Dcp8AuzTG-w,accordion/Dcp8AuzTG-w,raw_videos/accordion/Dcp8AuzTG-w.mp4,processed/accordion/Dcp8AuzTG-w
accordion,_jPFkOkNjuo,accordion/_jPFkOkNjuo,raw_videos/accordion/_jPFkOkNjuo.mp4,processed/accordion/_jPFkOkNjuo
accordion,ADxyFxpe1ls,accordion/ADxyFxpe1ls,raw_videos/accordion/ADxyFxpe1ls.mp4,processed/accordion/ADxyFxpe1ls
accordion,phwHB8nASOo,accordion/phwHB8nASOo,raw_videos/accordion/phwHB8nASOo.mp4,processed/accordion/phwHB8nASOo
accordion,9tiymgwLnKE,accordion/9tiymgwLnKE,raw_videos/accordion/9tiymgwLnKE.mp4,processed/accordion/9tiymgwLnKE
accordion,kCMA0wi7i6Y,accordion/kCMA0wi7i6Y,raw_videos/accordion/kCMA0wi7i6Y.mp4,processed/accordion/kCMA0wi7i6Y
accordion,OIBq0bBziuw,accordion/OIBq0bBziuw,raw_videos/accordion/OIBq0bBziuw.mp4,processed/accordion/OIBq0bBziuw
accordion,Z_yNLFYjpsY,accordion/Z_yNLFYjpsY,raw_videos/accordion/Z_yNLFYjpsY.mp4,processed/accordion/Z_yNLFYjpsY
accordion,s1hBC8N4-Zo,accordion/s1hBC8N4-Zo,raw_videos/accordion/s1hBC8N4-Zo.mp4,processed/accordion/s1hBC8N4-Zo
accordion,YhwsPeOGnGg,accordion/YhwsPeOGnGg,raw_videos/accordion/YhwsPeOGnGg.mp4,processed/accordion/YhwsPeOGnGg
accordion,wL4D9BQ_wr8,accordion/wL4D9BQ_wr8,raw_videos/accordion/wL4D9BQ_wr8.mp4,processed/accordion/wL4D9BQ_wr8
accordion,Y5EwbTgIswk,accordion/Y5EwbTgIswk,raw_videos/accordion/Y5EwbTgIswk.mp4,processed/accordion/Y5EwbTgIswk
accordion,1oz3h9doX_g,accordion/1oz3h9doX_g,raw_videos/accordion/1oz3h9doX_g.mp4,processed/accordion/1oz3h9doX_g
accordion,STtGADifdUw,accordion/STtGADifdUw,raw_videos/accordion/STtGADifdUw.mp4,processed/accordion/STtGADifdUw
accordion,yn1NaZWN_qQ,accordion/yn1NaZWN_qQ,raw_videos/accordion/yn1NaZWN_qQ.mp4,processed/accordion/yn1NaZWN_qQ
accordion,cp_0VICDDSc,accordion/cp_0VICDDSc,raw_videos/accordion/cp_0VICDDSc.mp4,processed/accordion/cp_0VICDDSc
accordion,Ct-SQmiA31s,accordion/Ct-SQmiA31s,raw_videos/accordion/Ct-SQmiA31s.mp4,processed/accordion/Ct-SQmiA31s
accordion,ZoE25YHTGDQ,accordion/ZoE25YHTGDQ,raw_videos/accordion/ZoE25YHTGDQ.mp4,processed/accordion/ZoE25YHTGDQ
accordion,MEmFOoUi1mQ,accordion/MEmFOoUi1mQ,raw_videos/accordion/MEmFOoUi1mQ.mp4,processed/accordion/MEmFOoUi1mQ
accordion,uhPhK57_Hbo,accordion/uhPhK57_Hbo,raw_videos/accordion/uhPhK57_Hbo.mp4,processed/accordion/uhPhK57_Hbo
accordion,YOsQCT8pV9U,accordion/YOsQCT8pV9U,raw_videos/accordion/YOsQCT8pV9U.mp4,processed/accordion/YOsQCT8pV9U
accordion,3FvmvEI9gnc,accordion/3FvmvEI9gnc,raw_videos/accordion/3FvmvEI9gnc.mp4,processed/accordion/3FvmvEI9gnc
accordion,mrLopN_e2Ys,accordion/mrLopN_e2Ys,raw_videos/accordion/mrLopN_e2Ys.mp4,processed/accordion/mrLopN_e2Ys
accordion,eHaGWcG7wB8,accordion/eHaGWcG7wB8,raw_videos/accordion/eHaGWcG7wB8.mp4,processed/accordion/eHaGWcG7wB8
accordion,P156wJ9v_u8,accordion/P156wJ9v_u8,raw_videos/accordion/P156wJ9v_u8.mp4,processed/accordion/P156wJ9v_u8
accordion,KafzJhc3h94,accordion/KafzJhc3h94,raw_videos/accordion/KafzJhc3h94.mp4,processed/accordion/KafzJhc3h94
accordion,P22CHuxAu0M,accordion/P22CHuxAu0M,raw_videos/accordion/P22CHuxAu0M.mp4,processed/accordion/P22CHuxAu0M
accordion,NvwSyzjAQcI,accordion/NvwSyzjAQcI,raw_videos/accordion/NvwSyzjAQcI.mp4,processed/accordion/NvwSyzjAQcI
accordion,pGbd4tmeqKU,accordion/pGbd4tmeqKU,raw_videos/accordion/pGbd4tmeqKU.mp4,processed/accordion/pGbd4tmeqKU
accordion,GOYAkD21y3M,accordion/GOYAkD21y3M,raw_videos/accordion/GOYAkD21y3M.mp4,processed/accordion/GOYAkD21y3M
accordion,mNcNCf_rBio,accordion/mNcNCf_rBio,raw_videos/accordion/mNcNCf_rBio.mp4,processed/accordion/mNcNCf_rBio
accordion,mnJ8YN4TVoc,accordion/mnJ8YN4TVoc,raw_videos/accordion/mnJ8YN4TVoc.mp4,processed/accordion/mnJ8YN4TVoc
accordion,FKr0iyEtDbM,accordion/FKr0iyEtDbM,raw_videos/accordion/FKr0iyEtDbM.mp4,processed/accordion/FKr0iyEtDbM
accordion,80otFoj-13Y,accordion/80otFoj-13Y,raw_videos/accordion/80otFoj-13Y.mp4,processed/accordion/80otFoj-13Y
accordion,q63pNzXjgIo,accordion/q63pNzXjgIo,raw_videos/accordion/q63pNzXjgIo.mp4,processed/accordion/q63pNzXjgIo
accordion,UyfcXcExr_g,accordion/UyfcXcExr_g,raw_videos/accordion/UyfcXcExr_g.mp4,processed/accordion/UyfcXcExr_g
accordion,GaKM_b93h74,accordion/GaKM_b93h74,raw_videos/accordion/GaKM_b93h74.mp4,processed/accordion/GaKM_b93h74
accordion,AoSoUBpA9zc,accordion/AoSoUBpA9zc,raw_videos/accordion/AoSoUBpA9zc.mp4,processed/accordion/AoSoUBpA9zc
accordion,99vCUuD7DpI,accordion/99vCUuD7DpI,raw_videos/accordion/99vCUuD7DpI.mp4,processed/accordion/99vCUuD7DpI
accordion,ZR33hk5wpR8,accordion/ZR33hk5wpR8,raw_videos/accordion/ZR33hk5wpR8.mp4,processed/accordion/ZR33hk5wpR8
accordion,GWSjoRcfAjM,accordion/GWSjoRcfAjM,raw_videos/accordion/GWSjoRcfAjM.mp4,processed/accordion/GWSjoRcfAjM
accordion,XQaxu2KYFHU,accordion/XQaxu2KYFHU,raw_videos/accordion/XQaxu2KYFHU.mp4,processed/accordion/XQaxu2KYFHU
accordion,wkCULx8oiCc,accordion/wkCULx8oiCc,raw_videos/accordion/wkCULx8oiCc.mp4,processed/accordion/wkCULx8oiCc
accordion,JStaz9apfiM,accordion/JStaz9apfiM,raw_videos/accordion/JStaz9apfiM.mp4,processed/accordion/JStaz9apfiM
accordion,IMTyVvDoWUc,accordion/IMTyVvDoWUc,raw_videos/accordion/IMTyVvDoWUc.mp4,processed/accordion/IMTyVvDoWUc
accordion,6wbg6wlhJCU,accordion/6wbg6wlhJCU,raw_videos/accordion/6wbg6wlhJCU.mp4,processed/accordion/6wbg6wlhJCU
accordion,JDkZPd7J63E,accordion/JDkZPd7J63E,raw_videos/accordion/JDkZPd7J63E.mp4,processed/accordion/JDkZPd7J63E
accordion,ytGIQlD0X1w,accordion/ytGIQlD0X1w,raw_videos/accordion/ytGIQlD0X1w.mp4,processed/accordion/ytGIQlD0X1w
accordion,r-OwlyPj3-c,accordion/r-OwlyPj3-c,raw_videos/accordion/r-OwlyPj3-c.mp4,processed/accordion/r-OwlyPj3-c
accordion,ycJWClz-FBE,accordion/ycJWClz-FBE,raw_videos/accordion/ycJWClz-FBE.mp4,processed/accordion/ycJWClz-FBE
accordion,6dgbv1ccZ2E,accordion/6dgbv1ccZ2E,raw_videos/accordion/6dgbv1ccZ2E.mp4,processed/accordion/6dgbv1ccZ2E
accordion,nhDtWFD_a7I,accordion/nhDtWFD_a7I,raw_videos/accordion/nhDtWFD_a7I.mp4,processed/accordion/nhDtWFD_a7I
accordion,INumGyoMFYY,accordion/INumGyoMFYY,raw_videos/accordion/INumGyoMFYY.mp4,processed/accordion/INumGyoMFYY
accordion,DiNMGYnXkFo,accordion/DiNMGYnXkFo,raw_videos/accordion/DiNMGYnXkFo.mp4,processed/accordion/DiNMGYnXkFo
accordion,9JPdYmfv6pw,accordion/9JPdYmfv6pw,raw_videos/accordion/9JPdYmfv6pw.mp4,processed/accordion/9JPdYmfv6pw
accordion,wd3U_RjjLKU,accordion/wd3U_RjjLKU,raw_videos/accordion/wd3U_RjjLKU.mp4,processed/accordion/wd3U_RjjLKU
accordion,E6jlrR-M3tk,accordion/E6jlrR-M3tk,raw_videos/accordion/E6jlrR-M3tk.mp4,processed/accordion/E6jlrR-M3tk
accordion,EY_6esXl4nc,accordion/EY_6esXl4nc,raw_videos/accordion/EY_6esXl4nc.mp4,processed/accordion/EY_6esXl4nc
accordion,79m8lndzRN8,accordion/79m8lndzRN8,raw_videos/accordion/79m8lndzRN8.mp4,processed/accordion/79m8lndzRN8
accordion,lDG97buDYdk,accordion/lDG97buDYdk,raw_videos/accordion/lDG97buDYdk.mp4,processed/accordion/lDG97buDYdk
accordion,NlZdGai0Pbc,accordion/NlZdGai0Pbc,raw_videos/accordion/NlZdGai0Pbc.mp4,processed/accordion/NlZdGai0Pbc
accordion,z-dfTTz2e3Y,accordion/z-dfTTz2e3Y,raw_videos/accordion/z-dfTTz2e3Y.mp4,processed/accordion/z-dfTTz2e3Y
accordion,jIiuRPW4RH8,accordion/jIiuRPW4RH8,raw_videos/accordion/jIiuRPW4RH8.mp4,processed/accordion/jIiuRPW4RH8
accordion,2dqJFE8wN1k,accordion/2dqJFE8wN1k,raw_videos/accordion/2dqJFE8wN1k.mp4,processed/accordion/2dqJFE8wN1k
accordion,oD8eBiNsctY,accordion/oD8eBiNsctY,raw_videos/accordion/oD8eBiNsctY.mp4,processed/accordion/oD8eBiNsctY
accordion,kbH8tr1wrbc,accordion/kbH8tr1wrbc,raw_videos/accordion/kbH8tr1wrbc.mp4,processed/accordion/kbH8tr1wrbc
accordion,-DlGdZNAsxA,accordion/-DlGdZNAsxA,raw_videos/accordion/-DlGdZNAsxA.mp4,processed/accordion/-DlGdZNAsxA
accordion,NrHDuJYQIsY,accordion/NrHDuJYQIsY,raw_videos/accordion/NrHDuJYQIsY.mp4,processed/accordion/NrHDuJYQIsY
accordion,5kokiot2yJ4,accordion/5kokiot2yJ4,raw_videos/accordion/5kokiot2yJ4.mp4,processed/accordion/5kokiot2yJ4
accordion,Q7AkmA-3WHg,accordion/Q7AkmA-3WHg,raw_videos/accordion/Q7AkmA-3WHg.mp4,processed/accordion/Q7AkmA-3WHg
accordion,_v1B3I49H44,accordion/_v1B3I49H44,raw_videos/accordion/_v1B3I49H44.mp4,processed/accordion/_v1B3I49H44
accordion,KpgtyNPyEe8,accordion/KpgtyNPyEe8,raw_videos/accordion/KpgtyNPyEe8.mp4,processed/accordion/KpgtyNPyEe8
accordion,eR8Bc4XO3t8,accordion/eR8Bc4XO3t8,raw_videos/accordion/eR8Bc4XO3t8.mp4,processed/accordion/eR8Bc4XO3t8
accordion,xMT3fAxlfME,accordion/xMT3fAxlfME,raw_videos/accordion/xMT3fAxlfME.mp4,processed/accordion/xMT3fAxlfME
accordion,N7luCK9Pa2o,accordion/N7luCK9Pa2o,raw_videos/accordion/N7luCK9Pa2o.mp4,processed/accordion/N7luCK9Pa2o
accordion,1mPLqkKWaHo,accordion/1mPLqkKWaHo,raw_videos/accordion/1mPLqkKWaHo.mp4,processed/accordion/1mPLqkKWaHo
accordion,BQsiWEZrUbk,accordion/BQsiWEZrUbk,raw_videos/accordion/BQsiWEZrUbk.mp4,processed/accordion/BQsiWEZrUbk
accordion,ThaSqjfaej0,accordion/ThaSqjfaej0,raw_videos/accordion/ThaSqjfaej0.mp4,processed/accordion/ThaSqjfaej0
accordion,4kp-pXHQBRY,accordion/4kp-pXHQBRY,raw_videos/accordion/4kp-pXHQBRY.mp4,processed/accordion/4kp-pXHQBRY
accordion,Xzk99eJyd78,accordion/Xzk99eJyd78,raw_videos/accordion/Xzk99eJyd78.mp4,processed/accordion/Xzk99eJyd78
accordion,ctsQAstdwIM,accordion/ctsQAstdwIM,raw_videos/accordion/ctsQAstdwIM.mp4,processed/accordion/ctsQAstdwIM
accordion,DnvEZWbzh-U,accordion/DnvEZWbzh-U,raw_videos/accordion/DnvEZWbzh-U.mp4,processed/accordion/DnvEZWbzh-U
accordion,qa2aFB2eJ6s,accordion/qa2aFB2eJ6s,raw_videos/accordion/qa2aFB2eJ6s.mp4,processed/accordion/qa2aFB2eJ6s
accordion,dB25PZzYpNQ,accordion/dB25PZzYpNQ,raw_videos/accordion/dB25PZzYpNQ.mp4,processed/accordion/dB25PZzYpNQ
accordion,bkfeQhCwpQ0,accordion/bkfeQhCwpQ0,raw_videos/accordion/bkfeQhCwpQ0.mp4,processed/accordion/bkfeQhCwpQ0
accordion,M46I8XPnYZQ,accordion/M46I8XPnYZQ,raw_videos/accordion/M46I8XPnYZQ.mp4,processed/accordion/M46I8XPnYZQ
accordion,YjtpU7y_Ebo,accordion/YjtpU7y_Ebo,raw_videos/accordion/YjtpU7y_Ebo.mp4,processed/accordion/YjtpU7y_Ebo
accordion,_PxMPxpVIWA,accordion/_PxMPxpVIWA,raw_videos/accordion/_PxMPxpVIWA.mp4,processed/accordion/_PxMPxpVIWA
accordion,PdutY0aZ5-8,accordion/PdutY0aZ5-8,raw_videos/accordion/PdutY0aZ5-8.mp4,processed/accordion/PdutY0aZ5-8
accordion,Rpvf9mmBPkc,accordion/Rpvf9mmBPkc,raw_videos/accordion/Rpvf9mmBPkc.mp4,processed/accordion/Rpvf9mmBPkc
accordion,i6AssNmqsXM,accordion/i6AssNmqsXM,raw_videos/accordion/i6AssNmqsXM.mp4,processed/accordion/i6AssNmqsXM
accordion,2Wq8myJhgF8,accordion/2Wq8myJhgF8,raw_videos/accordion/2Wq8myJhgF8.mp4,processed/accordion/2Wq8myJhgF8
accordion,eHRaPghrs7g,accordion/eHRaPghrs7g,raw_videos/accordion/eHRaPghrs7g.mp4,processed/accordion/eHRaPghrs7g
accordion,PTCVf8YMp80,accordion/PTCVf8YMp80,raw_videos/accordion/PTCVf8YMp80.mp4,processed/accordion/PTCVf8YMp80
accordion,5xpOPhY1HeY,accordion/5xpOPhY1HeY,raw_videos/accordion/5xpOPhY1HeY.mp4,processed/accordion/5xpOPhY1HeY
accordion,dlQMxkdWcSo,accordion/dlQMxkdWcSo,raw_videos/accordion/dlQMxkdWcSo.mp4,processed/accordion/dlQMxkdWcSo
accordion,vYwZhdEY0t8,accordion/vYwZhdEY0t8,raw_videos/accordion/vYwZhdEY0t8.mp4,processed/accordion/vYwZhdEY0t8
accordion,xbJIvQMsKyI,accordion/xbJIvQMsKyI,raw_videos/accordion/xbJIvQMsKyI.mp4,processed/accordion/xbJIvQMsKyI
accordion,wWlJC04T9Ks,accordion/wWlJC04T9Ks,raw_videos/accordion/wWlJC04T9Ks.mp4,processed/accordion/wWlJC04T9Ks
accordion,tV-8PV6ZR8M,accordion/tV-8PV6ZR8M,raw_videos/accordion/tV-8PV6ZR8M.mp4,processed/accordion/tV-8PV6ZR8M
accordion,8ycBdij47wY,accordion/8ycBdij47wY,raw_videos/accordion/8ycBdij47wY.mp4,processed/accordion/8ycBdij47wY
accordion,-hgozM5UIzw,accordion/-hgozM5UIzw,raw_videos/accordion/-hgozM5UIzw.mp4,processed/accordion/-hgozM5UIzw
accordion,55iWpL55Ggw,accordion/55iWpL55Ggw,raw_videos/accordion/55iWpL55Ggw.mp4,processed/accordion/55iWpL55Ggw
accordion,0H2eZjAJ2sE,accordion/0H2eZjAJ2sE,raw_videos/accordion/0H2eZjAJ2sE.mp4,processed/accordion/0H2eZjAJ2sE
accordion,FngIjAYFquU,accordion/FngIjAYFquU,raw_videos/accordion/FngIjAYFquU.mp4,processed/accordion/FngIjAYFquU
accordion,sZyiS_9Znck,accordion/sZyiS_9Znck,raw_videos/accordion/sZyiS_9Znck.mp4,processed/accordion/sZyiS_9Znck
accordion,PMrBdFhtT2k,accordion/PMrBdFhtT2k,raw_videos/accordion/PMrBdFhtT2k.mp4,processed/accordion/PMrBdFhtT2k
accordion,MhiCPLUb1II,accordion/MhiCPLUb1II,raw_videos/accordion/MhiCPLUb1II.mp4,processed/accordion/MhiCPLUb1II
accordion,MuG8ZwgimII,accordion/MuG8ZwgimII,raw_videos/accordion/MuG8ZwgimII.mp4,processed/accordion/MuG8ZwgimII
accordion,4a5PYkoDyng,accordion/4a5PYkoDyng,raw_videos/accordion/4a5PYkoDyng.mp4,processed/accordion/4a5PYkoDyng
accordion,JynH5UZguGM,accordion/JynH5UZguGM,raw_videos/accordion/JynH5UZguGM.mp4,processed/accordion/JynH5UZguGM
accordion,VAl9DPPnYfU,accordion/VAl9DPPnYfU,raw_videos/accordion/VAl9DPPnYfU.mp4,processed/accordion/VAl9DPPnYfU
accordion,P2wNohBVjoQ,accordion/P2wNohBVjoQ,raw_videos/accordion/P2wNohBVjoQ.mp4,processed/accordion/P2wNohBVjoQ
accordion,bS7WzLyg1tU,accordion/bS7WzLyg1tU,raw_videos/accordion/bS7WzLyg1tU.mp4,processed/accordion/bS7WzLyg1tU
accordion,wGm5r5Kb_q8,accordion/wGm5r5Kb_q8,raw_videos/accordion/wGm5r5Kb_q8.mp4,processed/accordion/wGm5r5Kb_q8
accordion,tPOSr7e3Yus,accordion/tPOSr7e3Yus,raw_videos/accordion/tPOSr7e3Yus.mp4,processed/accordion/tPOSr7e3Yus
accordion,3FTYVRhCKG4,accordion/3FTYVRhCKG4,raw_videos/accordion/3FTYVRhCKG4.mp4,processed/accordion/3FTYVRhCKG4
accordion,XqyiiIt-NY4,accordion/XqyiiIt-NY4,raw_videos/accordion/XqyiiIt-NY4.mp4,processed/accordion/XqyiiIt-NY4
accordion,K8oMA9cIk64,accordion/K8oMA9cIk64,raw_videos/accordion/K8oMA9cIk64.mp4,processed/accordion/K8oMA9cIk64
accordion,p9PhrOxBGLo,accordion/p9PhrOxBGLo,raw_videos/accordion/p9PhrOxBGLo.mp4,processed/accordion/p9PhrOxBGLo
accordion,Axe0_1N3MMk,accordion/Axe0_1N3MMk,raw_videos/accordion/Axe0_1N3MMk.mp4,processed/accordion/Axe0_1N3MMk
accordion,6XrRl9B3zJs,accordion/6XrRl9B3zJs,raw_videos/accordion/6XrRl9B3zJs.mp4,processed/accordion/6XrRl9B3zJs
accordion,P2wNohBVjoQ,accordion/P2wNohBVjoQ,raw_videos/accordion/P2wNohBVjoQ.mp4,processed/accordion/P2wNohBVjoQ
accordion,oKxbEZp3bSw,accordion/oKxbEZp3bSw,raw_videos/accordion/oKxbEZp3bSw.mp4,processed/accordion/oKxbEZp3bSw
accordion,WyhKwjDOObQ,accordion/WyhKwjDOObQ,raw_videos/accordion/WyhKwjDOObQ.mp4,processed/accordion/WyhKwjDOObQ
accordion,3XJ8A1FFxY8,accordion/3XJ8A1FFxY8,raw_videos/accordion/3XJ8A1FFxY8.mp4,processed/accordion/3XJ8A1FFxY8
accordion,qnDDLaIDWz8,accordion/qnDDLaIDWz8,raw_videos/accordion/qnDDLaIDWz8.mp4,processed/accordion/qnDDLaIDWz8
accordion,-Wc-bAEhQBY,accordion/-Wc-bAEhQBY,raw_videos/accordion/-Wc-bAEhQBY.mp4,processed/accordion/-Wc-bAEhQBY
acoustic_guitar,IPsA3sz934M,acoustic_guitar/IPsA3sz934M,raw_videos/acoustic_guitar/IPsA3sz934M.mp4,processed/acoustic_guitar/IPsA3sz934M
acoustic_guitar,XTKxjzg1xwM,acoustic_guitar/XTKxjzg1xwM,raw_videos/acoustic_guitar/XTKxjzg1xwM.mp4,processed/acoustic_guitar/XTKxjzg1xwM
acoustic_guitar,HPyM9xzrih0,acoustic_guitar/HPyM9xzrih0,raw_videos/acoustic_guitar/HPyM9xzrih0.mp4,processed/acoustic_guitar/HPyM9xzrih0
acoustic_guitar,4AI18Hhy5No,acoustic_guitar/4AI18Hhy5No,raw_videos/acoustic_guitar/4AI18Hhy5No.mp4,processed/acoustic_guitar/4AI18Hhy5No
acoustic_guitar,-8AgRz5Jdrw,acoustic_guitar/-8AgRz5Jdrw,raw_videos/acoustic_guitar/-8AgRz5Jdrw.mp4,processed/acoustic_guitar/-8AgRz5Jdrw
acoustic_guitar,8UirJ7SEBm8,acoustic_guitar/8UirJ7SEBm8,raw_videos/acoustic_guitar/8UirJ7SEBm8.mp4,processed/acoustic_guitar/8UirJ7SEBm8
acoustic_guitar,PDohhCaNf98,acoustic_guitar/PDohhCaNf98,raw_videos/acoustic_guitar/PDohhCaNf98.mp4,processed/acoustic_guitar/PDohhCaNf98
acoustic_guitar,86hnEemgPPw,acoustic_guitar/86hnEemgPPw,raw_videos/acoustic_guitar/86hnEemgPPw.mp4,processed/acoustic_guitar/86hnEemgPPw
acoustic_guitar,Y-dpHbPGQWE,acoustic_guitar/Y-dpHbPGQWE,raw_videos/acoustic_guitar/Y-dpHbPGQWE.mp4,processed/acoustic_guitar/Y-dpHbPGQWE
acoustic_guitar,PY3pK0Guf2Y,acoustic_guitar/PY3pK0Guf2Y,raw_videos/acoustic_guitar/PY3pK0Guf2Y.mp4,processed/acoustic_guitar/PY3pK0Guf2Y
acoustic_guitar,9SZLDvRaHEA,acoustic_guitar/9SZLDvRaHEA,raw_videos/acoustic_guitar/9SZLDvRaHEA.mp4,processed/acoustic_guitar/9SZLDvRaHEA
acoustic_guitar,HGlIImajcRI,acoustic_guitar/HGlIImajcRI,raw_videos/acoustic_guitar/HGlIImajcRI.mp4,processed/acoustic_guitar/HGlIImajcRI
acoustic_guitar,An1z4o0l68c,acoustic_guitar/An1z4o0l68c,raw_videos/acoustic_guitar/An1z4o0l68c.mp4,processed/acoustic_guitar/An1z4o0l68c
acoustic_guitar,2eXkRj4DjaM,acoustic_guitar/2eXkRj4DjaM,raw_videos/acoustic_guitar/2eXkRj4DjaM.mp4,processed/acoustic_guitar/2eXkRj4DjaM
acoustic_guitar,CeOAuSm1NUo,acoustic_guitar/CeOAuSm1NUo,raw_videos/acoustic_guitar/CeOAuSm1NUo.mp4,processed/acoustic_guitar/CeOAuSm1NUo
acoustic_guitar,S2IWw6z-cfc,acoustic_guitar/S2IWw6z-cfc,raw_videos/acoustic_guitar/S2IWw6z-cfc.mp4,processed/acoustic_guitar/S2IWw6z-cfc
acoustic_guitar,MVZGmcXU2D8,acoustic_guitar/MVZGmcXU2D8,raw_videos/acoustic_guitar/MVZGmcXU2D8.mp4,processed/acoustic_guitar/MVZGmcXU2D8
acoustic_guitar,9sYVHOsxdEA,acoustic_guitar/9sYVHOsxdEA,raw_videos/acoustic_guitar/9sYVHOsxdEA.mp4,processed/acoustic_guitar/9sYVHOsxdEA
acoustic_guitar,30BRN7-KOG4,acoustic_guitar/30BRN7-KOG4,raw_videos/acoustic_guitar/30BRN7-KOG4.mp4,processed/acoustic_guitar/30BRN7-KOG4
acoustic_guitar,9EizWhixKCg,acoustic_guitar/9EizWhixKCg,raw_videos/acoustic_guitar/9EizWhixKCg.mp4,processed/acoustic_guitar/9EizWhixKCg
acoustic_guitar,2lJh-6TYdX8,acoustic_guitar/2lJh-6TYdX8,raw_videos/acoustic_guitar/2lJh-6TYdX8.mp4,processed/acoustic_guitar/2lJh-6TYdX8
acoustic_guitar,7zrsesZWrhc,acoustic_guitar/7zrsesZWrhc,raw_videos/acoustic_guitar/7zrsesZWrhc.mp4,processed/acoustic_guitar/7zrsesZWrhc
acoustic_guitar,ZvLT_J9Uv4o,acoustic_guitar/ZvLT_J9Uv4o,raw_videos/acoustic_guitar/ZvLT_J9Uv4o.mp4,processed/acoustic_guitar/ZvLT_J9Uv4o
acoustic_guitar,6iwM-TwXvPA,acoustic_guitar/6iwM-TwXvPA,raw_videos/acoustic_guitar/6iwM-TwXvPA.mp4,processed/acoustic_guitar/6iwM-TwXvPA
acoustic_guitar,44FPny8k4DM,acoustic_guitar/44FPny8k4DM,raw_videos/acoustic_guitar/44FPny8k4DM.mp4,processed/acoustic_guitar/44FPny8k4DM
acoustic_guitar,4TFz7QX5aNg,acoustic_guitar/4TFz7QX5aNg,raw_videos/acoustic_guitar/4TFz7QX5aNg.mp4,processed/acoustic_guitar/4TFz7QX5aNg
acoustic_guitar,TzbeCt4_LFc,acoustic_guitar/TzbeCt4_LFc,raw_videos/acoustic_guitar/TzbeCt4_LFc.mp4,processed/acoustic_guitar/TzbeCt4_LFc
acoustic_guitar,Pzf9MQKkoNM,acoustic_guitar/Pzf9MQKkoNM,raw_videos/acoustic_guitar/Pzf9MQKkoNM.mp4,processed/acoustic_guitar/Pzf9MQKkoNM
acoustic_guitar,5W0OTX18wG0,acoustic_guitar/5W0OTX18wG0,raw_videos/acoustic_guitar/5W0OTX18wG0.mp4,processed/acoustic_guitar/5W0OTX18wG0
acoustic_guitar,At63FPRHLAo,acoustic_guitar/At63FPRHLAo,raw_videos/acoustic_guitar/At63FPRHLAo.mp4,processed/acoustic_guitar/At63FPRHLAo
acoustic_guitar,416UlJvv3aA,acoustic_guitar/416UlJvv3aA,raw_videos/acoustic_guitar/416UlJvv3aA.mp4,processed/acoustic_guitar/416UlJvv3aA
acoustic_guitar,M3dekVSwNjY,acoustic_guitar/M3dekVSwNjY,raw_videos/acoustic_guitar/M3dekVSwNjY.mp4,processed/acoustic_guitar/M3dekVSwNjY
acoustic_guitar,5UZF3bGoZpM,acoustic_guitar/5UZF3bGoZpM,raw_videos/acoustic_guitar/5UZF3bGoZpM.mp4,processed/acoustic_guitar/5UZF3bGoZpM
acoustic_guitar,HaX5E66eW24,acoustic_guitar/HaX5E66eW24,raw_videos/acoustic_guitar/HaX5E66eW24.mp4,processed/acoustic_guitar/HaX5E66eW24
acoustic_guitar,72yB-xyIcGI,acoustic_guitar/72yB-xyIcGI,raw_videos/acoustic_guitar/72yB-xyIcGI.mp4,processed/acoustic_guitar/72yB-xyIcGI
acoustic_guitar,9f7XNFTs0oc,acoustic_guitar/9f7XNFTs0oc,raw_videos/acoustic_guitar/9f7XNFTs0oc.mp4,processed/acoustic_guitar/9f7XNFTs0oc
acoustic_guitar,9npqVThPBw0,acoustic_guitar/9npqVThPBw0,raw_videos/acoustic_guitar/9npqVThPBw0.mp4,processed/acoustic_guitar/9npqVThPBw0
acoustic_guitar,1MiyvDB_bzM,acoustic_guitar/1MiyvDB_bzM,raw_videos/acoustic_guitar/1MiyvDB_bzM.mp4,processed/acoustic_guitar/1MiyvDB_bzM
acoustic_guitar,09C8NuLfsxc,acoustic_guitar/09C8NuLfsxc,raw_videos/acoustic_guitar/09C8NuLfsxc.mp4,processed/acoustic_guitar/09C8NuLfsxc
acoustic_guitar,ZANyOBEWiJA,acoustic_guitar/ZANyOBEWiJA,raw_videos/acoustic_guitar/ZANyOBEWiJA.mp4,processed/acoustic_guitar/ZANyOBEWiJA
acoustic_guitar,3AQsq1PG1Wc,acoustic_guitar/3AQsq1PG1Wc,raw_videos/acoustic_guitar/3AQsq1PG1Wc.mp4,processed/acoustic_guitar/3AQsq1PG1Wc
acoustic_guitar,AszMf9QGxug,acoustic_guitar/AszMf9QGxug,raw_videos/acoustic_guitar/AszMf9QGxug.mp4,processed/acoustic_guitar/AszMf9QGxug
acoustic_guitar,1OsOEt5Qpfc,acoustic_guitar/1OsOEt5Qpfc,raw_videos/acoustic_guitar/1OsOEt5Qpfc.mp4,processed/acoustic_guitar/1OsOEt5Qpfc
acoustic_guitar,3zi2fHlfP_8,acoustic_guitar/3zi2fHlfP_8,raw_videos/acoustic_guitar/3zi2fHlfP_8.mp4,processed/acoustic_guitar/3zi2fHlfP_8
acoustic_guitar,3AuhKu5mlqM,acoustic_guitar/3AuhKu5mlqM,raw_videos/acoustic_guitar/3AuhKu5mlqM.mp4,processed/acoustic_guitar/3AuhKu5mlqM
acoustic_guitar,-4nIqLncdB0,acoustic_guitar/-4nIqLncdB0,raw_videos/acoustic_guitar/-4nIqLncdB0.mp4,processed/acoustic_guitar/-4nIqLncdB0
acoustic_guitar,8rcClHLysvU,acoustic_guitar/8rcClHLysvU,raw_videos/acoustic_guitar/8rcClHLysvU.mp4,processed/acoustic_guitar/8rcClHLysvU
acoustic_guitar,YwDABKyGY_g,acoustic_guitar/YwDABKyGY_g,raw_videos/acoustic_guitar/YwDABKyGY_g.mp4,processed/acoustic_guitar/YwDABKyGY_g
acoustic_guitar,7_eFPuFPfR4,acoustic_guitar/7_eFPuFPfR4,raw_videos/acoustic_guitar/7_eFPuFPfR4.mp4,processed/acoustic_guitar/7_eFPuFPfR4
acoustic_guitar,AAnID4RS7Vg,acoustic_guitar/AAnID4RS7Vg,raw_videos/acoustic_guitar/AAnID4RS7Vg.mp4,processed/acoustic_guitar/AAnID4RS7Vg
acoustic_guitar,XYizxH7yAqA,acoustic_guitar/XYizxH7yAqA,raw_videos/acoustic_guitar/XYizxH7yAqA.mp4,processed/acoustic_guitar/XYizxH7yAqA
acoustic_guitar,7SPnwtQkUb4,acoustic_guitar/7SPnwtQkUb4,raw_videos/acoustic_guitar/7SPnwtQkUb4.mp4,processed/acoustic_guitar/7SPnwtQkUb4
acoustic_guitar,1i8XHo25_KU,acoustic_guitar/1i8XHo25_KU,raw_videos/acoustic_guitar/1i8XHo25_KU.mp4,processed/acoustic_guitar/1i8XHo25_KU
acoustic_guitar,RgB3wzNVZyY,acoustic_guitar/RgB3wzNVZyY,raw_videos/acoustic_guitar/RgB3wzNVZyY.mp4,processed/acoustic_guitar/RgB3wzNVZyY
acoustic_guitar,1XfdURNeY6s,acoustic_guitar/1XfdURNeY6s,raw_videos/acoustic_guitar/1XfdURNeY6s.mp4,processed/acoustic_guitar/1XfdURNeY6s
acoustic_guitar,KOt3oARDH9I,acoustic_guitar/KOt3oARDH9I,raw_videos/acoustic_guitar/KOt3oARDH9I.mp4,processed/acoustic_guitar/KOt3oARDH9I
acoustic_guitar,-piYS0yc_dI,acoustic_guitar/-piYS0yc_dI,raw_videos/acoustic_guitar/-piYS0yc_dI.mp4,processed/acoustic_guitar/-piYS0yc_dI
acoustic_guitar,9ygrq7in_uI,acoustic_guitar/9ygrq7in_uI,raw_videos/acoustic_guitar/9ygrq7in_uI.mp4,processed/acoustic_guitar/9ygrq7in_uI
acoustic_guitar,MJmVYLWPnCI,acoustic_guitar/MJmVYLWPnCI,raw_videos/acoustic_guitar/MJmVYLWPnCI.mp4,processed/acoustic_guitar/MJmVYLWPnCI
acoustic_guitar,PA8DVnECfh0,acoustic_guitar/PA8DVnECfh0,raw_videos/acoustic_guitar/PA8DVnECfh0.mp4,processed/acoustic_guitar/PA8DVnECfh0
acoustic_guitar,DvbeXXoraro,acoustic_guitar/DvbeXXoraro,raw_videos/acoustic_guitar/DvbeXXoraro.mp4,processed/acoustic_guitar/DvbeXXoraro
acoustic_guitar,Eaq914E77oY,acoustic_guitar/Eaq914E77oY,raw_videos/acoustic_guitar/Eaq914E77oY.mp4,processed/acoustic_guitar/Eaq914E77oY
acoustic_guitar,XdoR3Mw217M,acoustic_guitar/XdoR3Mw217M,raw_videos/acoustic_guitar/XdoR3Mw217M.mp4,processed/acoustic_guitar/XdoR3Mw217M
acoustic_guitar,40KRN9rzkpk,acoustic_guitar/40KRN9rzkpk,raw_videos/acoustic_guitar/40KRN9rzkpk.mp4,processed/acoustic_guitar/40KRN9rzkpk
acoustic_guitar,8RblA-E3140,acoustic_guitar/8RblA-E3140,raw_videos/acoustic_guitar/8RblA-E3140.mp4,processed/acoustic_guitar/8RblA-E3140
acoustic_guitar,8YELO9yxs_c,acoustic_guitar/8YELO9yxs_c,raw_videos/acoustic_guitar/8YELO9yxs_c.mp4,processed/acoustic_guitar/8YELO9yxs_c
acoustic_guitar,ZeQPNWdFs_4,acoustic_guitar/ZeQPNWdFs_4,raw_videos/acoustic_guitar/ZeQPNWdFs_4.mp4,processed/acoustic_guitar/ZeQPNWdFs_4
acoustic_guitar,MhNjhYrEbrc,acoustic_guitar/MhNjhYrEbrc,raw_videos/acoustic_guitar/MhNjhYrEbrc.mp4,processed/acoustic_guitar/MhNjhYrEbrc
acoustic_guitar,5awjINljUoo,acoustic_guitar/5awjINljUoo,raw_videos/acoustic_guitar/5awjINljUoo.mp4,processed/acoustic_guitar/5awjINljUoo
acoustic_guitar,8OocjGxAtHw,acoustic_guitar/8OocjGxAtHw,raw_videos/acoustic_guitar/8OocjGxAtHw.mp4,processed/acoustic_guitar/8OocjGxAtHw
acoustic_guitar,8LU-kq19V3Y,acoustic_guitar/8LU-kq19V3Y,raw_videos/acoustic_guitar/8LU-kq19V3Y.mp4,processed/acoustic_guitar/8LU-kq19V3Y
acoustic_guitar,60tvG40iSxo,acoustic_guitar/60tvG40iSxo,raw_videos/acoustic_guitar/60tvG40iSxo.mp4,processed/acoustic_guitar/60tvG40iSxo
acoustic_guitar,CW3D1vKrRkg,acoustic_guitar/CW3D1vKrRkg,raw_videos/acoustic_guitar/CW3D1vKrRkg.mp4,processed/acoustic_guitar/CW3D1vKrRkg
acoustic_guitar,_IcBMTI8PEQ,acoustic_guitar/_IcBMTI8PEQ,raw_videos/acoustic_guitar/_IcBMTI8PEQ.mp4,processed/acoustic_guitar/_IcBMTI8PEQ
acoustic_guitar,A0vpsRipL7c,acoustic_guitar/A0vpsRipL7c,raw_videos/acoustic_guitar/A0vpsRipL7c.mp4,processed/acoustic_guitar/A0vpsRipL7c
acoustic_guitar,0H7Q1Env4UY,acoustic_guitar/0H7Q1Env4UY,raw_videos/acoustic_guitar/0H7Q1Env4UY.mp4,processed/acoustic_guitar/0H7Q1Env4UY
acoustic_guitar,FoOVn7MACAE,acoustic_guitar/FoOVn7MACAE,raw_videos/acoustic_guitar/FoOVn7MACAE.mp4,processed/acoustic_guitar/FoOVn7MACAE
acoustic_guitar,26HLgXWF-Co,acoustic_guitar/26HLgXWF-Co,raw_videos/acoustic_guitar/26HLgXWF-Co.mp4,processed/acoustic_guitar/26HLgXWF-Co
acoustic_guitar,75bCUXEv1hs,acoustic_guitar/75bCUXEv1hs,raw_videos/acoustic_guitar/75bCUXEv1hs.mp4,processed/acoustic_guitar/75bCUXEv1hs
acoustic_guitar,1E7U1w2Z8C0,acoustic_guitar/1E7U1w2Z8C0,raw_videos/acoustic_guitar/1E7U1w2Z8C0.mp4,processed/acoustic_guitar/1E7U1w2Z8C0
acoustic_guitar,DeQHA0xP2zk,acoustic_guitar/DeQHA0xP2zk,raw_videos/acoustic_guitar/DeQHA0xP2zk.mp4,processed/acoustic_guitar/DeQHA0xP2zk
acoustic_guitar,9bEbuj4Qb3I,acoustic_guitar/9bEbuj4Qb3I,raw_videos/acoustic_guitar/9bEbuj4Qb3I.mp4,processed/acoustic_guitar/9bEbuj4Qb3I
acoustic_guitar,-6dwiJ-m4K4,acoustic_guitar/-6dwiJ-m4K4,raw_videos/acoustic_guitar/-6dwiJ-m4K4.mp4,processed/acoustic_guitar/-6dwiJ-m4K4
acoustic_guitar,D6RmuscqupA,acoustic_guitar/D6RmuscqupA,raw_videos/acoustic_guitar/D6RmuscqupA.mp4,processed/acoustic_guitar/D6RmuscqupA
acoustic_guitar,1TBxNBIUx3o,acoustic_guitar/1TBxNBIUx3o,raw_videos/acoustic_guitar/1TBxNBIUx3o.mp4,processed/acoustic_guitar/1TBxNBIUx3o
acoustic_guitar,2CcXQsF06Xo,acoustic_guitar/2CcXQsF06Xo,raw_videos/acoustic_guitar/2CcXQsF06Xo.mp4,processed/acoustic_guitar/2CcXQsF06Xo
acoustic_guitar,Czn6lg--pRw,acoustic_guitar/Czn6lg--pRw,raw_videos/acoustic_guitar/Czn6lg--pRw.mp4,processed/acoustic_guitar/Czn6lg--pRw
acoustic_guitar,OBbmnUIJQDQ,acoustic_guitar/OBbmnUIJQDQ,raw_videos/acoustic_guitar/OBbmnUIJQDQ.mp4,processed/acoustic_guitar/OBbmnUIJQDQ
acoustic_guitar,uVksVFGBjKw,acoustic_guitar/uVksVFGBjKw,raw_videos/acoustic_guitar/uVksVFGBjKw.mp4,processed/acoustic_guitar/uVksVFGBjKw
acoustic_guitar,02l2E7p1tks,acoustic_guitar/02l2E7p1tks,raw_videos/acoustic_guitar/02l2E7p1tks.mp4,processed/acoustic_guitar/02l2E7p1tks
acoustic_guitar,Y6gWCHd_onQ,acoustic_guitar/Y6gWCHd_onQ,raw_videos/acoustic_guitar/Y6gWCHd_onQ.mp4,processed/acoustic_guitar/Y6gWCHd_onQ
acoustic_guitar,WKehyQkVhj4,acoustic_guitar/WKehyQkVhj4,raw_videos/acoustic_guitar/WKehyQkVhj4.mp4,processed/acoustic_guitar/WKehyQkVhj4
acoustic_guitar,IYT1mm_8WKY,acoustic_guitar/IYT1mm_8WKY,raw_videos/acoustic_guitar/IYT1mm_8WKY.mp4,processed/acoustic_guitar/IYT1mm_8WKY
acoustic_guitar,9sYVHOsxdEA,acoustic_guitar/9sYVHOsxdEA,raw_videos/acoustic_guitar/9sYVHOsxdEA.mp4,processed/acoustic_guitar/9sYVHOsxdEA
acoustic_guitar,LreG-Xr_rXg,acoustic_guitar/LreG-Xr_rXg,raw_videos/acoustic_guitar/LreG-Xr_rXg.mp4,processed/acoustic_guitar/LreG-Xr_rXg
acoustic_guitar,1OsOEt5Qpfc,acoustic_guitar/1OsOEt5Qpfc,raw_videos/acoustic_guitar/1OsOEt5Qpfc.mp4,processed/acoustic_guitar/1OsOEt5Qpfc
acoustic_guitar,biqLiAPbyX8,acoustic_guitar/biqLiAPbyX8,raw_videos/acoustic_guitar/biqLiAPbyX8.mp4,processed/acoustic_guitar/biqLiAPbyX8
acoustic_guitar,DS5kbH2PdVI,acoustic_guitar/DS5kbH2PdVI,raw_videos/acoustic_guitar/DS5kbH2PdVI.mp4,processed/acoustic_guitar/DS5kbH2PdVI
acoustic_guitar,aulxKqxmF7c,acoustic_guitar/aulxKqxmF7c,raw_videos/acoustic_guitar/aulxKqxmF7c.mp4,processed/acoustic_guitar/aulxKqxmF7c
acoustic_guitar,vFHYdHI-p4U,acoustic_guitar/vFHYdHI-p4U,raw_videos/acoustic_guitar/vFHYdHI-p4U.mp4,processed/acoustic_guitar/vFHYdHI-p4U
acoustic_guitar,Ll3TDz6F5vo,acoustic_guitar/Ll3TDz6F5vo,raw_videos/acoustic_guitar/Ll3TDz6F5vo.mp4,processed/acoustic_guitar/Ll3TDz6F5vo
acoustic_guitar,mwHJUGe5va4,acoustic_guitar/mwHJUGe5va4,raw_videos/acoustic_guitar/mwHJUGe5va4.mp4,processed/acoustic_guitar/mwHJUGe5va4
acoustic_guitar,HaX5E66eW24,acoustic_guitar/HaX5E66eW24,raw_videos/acoustic_guitar/HaX5E66eW24.mp4,processed/acoustic_guitar/HaX5E66eW24
acoustic_guitar,LXg-MSByD68,acoustic_guitar/LXg-MSByD68,raw_videos/acoustic_guitar/LXg-MSByD68.mp4,processed/acoustic_guitar/LXg-MSByD68
acoustic_guitar,J2GDulplCP4,acoustic_guitar/J2GDulplCP4,raw_videos/acoustic_guitar/J2GDulplCP4.mp4,processed/acoustic_guitar/J2GDulplCP4
acoustic_guitar,cUPNiHBCiqg,acoustic_guitar/cUPNiHBCiqg,raw_videos/acoustic_guitar/cUPNiHBCiqg.mp4,processed/acoustic_guitar/cUPNiHBCiqg
acoustic_guitar,_q7hjlyLj2U,acoustic_guitar/_q7hjlyLj2U,raw_videos/acoustic_guitar/_q7hjlyLj2U.mp4,processed/acoustic_guitar/_q7hjlyLj2U
acoustic_guitar,D8ozJILVjYY,acoustic_guitar/D8ozJILVjYY,raw_videos/acoustic_guitar/D8ozJILVjYY.mp4,processed/acoustic_guitar/D8ozJILVjYY
acoustic_guitar,oC9Wlp6D5Bo,acoustic_guitar/oC9Wlp6D5Bo,raw_videos/acoustic_guitar/oC9Wlp6D5Bo.mp4,processed/acoustic_guitar/oC9Wlp6D5Bo
acoustic_guitar,1MiyvDB_bzM,acoustic_guitar/1MiyvDB_bzM,raw_videos/acoustic_guitar/1MiyvDB_bzM.mp4,processed/acoustic_guitar/1MiyvDB_bzM
acoustic_guitar,XTKxjzg1xwM,acoustic_guitar/XTKxjzg1xwM,raw_videos/acoustic_guitar/XTKxjzg1xwM.mp4,processed/acoustic_guitar/XTKxjzg1xwM
acoustic_guitar,Wqn-7ZkYUYM,acoustic_guitar/Wqn-7ZkYUYM,raw_videos/acoustic_guitar/Wqn-7ZkYUYM.mp4,processed/acoustic_guitar/Wqn-7ZkYUYM
acoustic_guitar,w0hxzhu0mEc,acoustic_guitar/w0hxzhu0mEc,raw_videos/acoustic_guitar/w0hxzhu0mEc.mp4,processed/acoustic_guitar/w0hxzhu0mEc
acoustic_guitar,5LQFAgWqXTk,acoustic_guitar/5LQFAgWqXTk,raw_videos/acoustic_guitar/5LQFAgWqXTk.mp4,processed/acoustic_guitar/5LQFAgWqXTk
acoustic_guitar,cq5vjHibAhc,acoustic_guitar/cq5vjHibAhc,raw_videos/acoustic_guitar/cq5vjHibAhc.mp4,processed/acoustic_guitar/cq5vjHibAhc
acoustic_guitar,ALvY8R3hS2Q,acoustic_guitar/ALvY8R3hS2Q,raw_videos/acoustic_guitar/ALvY8R3hS2Q.mp4,processed/acoustic_guitar/ALvY8R3hS2Q
acoustic_guitar,Iddpu8lzZwo,acoustic_guitar/Iddpu8lzZwo,raw_videos/acoustic_guitar/Iddpu8lzZwo.mp4,processed/acoustic_guitar/Iddpu8lzZwo
acoustic_guitar,2ceSewoDfJc,acoustic_guitar/2ceSewoDfJc,raw_videos/acoustic_guitar/2ceSewoDfJc.mp4,processed/acoustic_guitar/2ceSewoDfJc
acoustic_guitar,zVdjLrjyAWY,acoustic_guitar/zVdjLrjyAWY,raw_videos/acoustic_guitar/zVdjLrjyAWY.mp4,processed/acoustic_guitar/zVdjLrjyAWY
acoustic_guitar,T29hhBMFTBw,acoustic_guitar/T29hhBMFTBw,raw_videos/acoustic_guitar/T29hhBMFTBw.mp4,processed/acoustic_guitar/T29hhBMFTBw
acoustic_guitar,Rku4T2Al0Tg,acoustic_guitar/Rku4T2Al0Tg,raw_videos/acoustic_guitar/Rku4T2Al0Tg.mp4,processed/acoustic_guitar/Rku4T2Al0Tg
acoustic_guitar,Y8CkBWy3d2g,acoustic_guitar/Y8CkBWy3d2g,raw_videos/acoustic_guitar/Y8CkBWy3d2g.mp4,processed/acoustic_guitar/Y8CkBWy3d2g
acoustic_guitar,2Php3L8gaeA,acoustic_guitar/2Php3L8gaeA,raw_videos/acoustic_guitar/2Php3L8gaeA.mp4,processed/acoustic_guitar/2Php3L8gaeA
acoustic_guitar,XEm5CH6YnT8,acoustic_guitar/XEm5CH6YnT8,raw_videos/acoustic_guitar/XEm5CH6YnT8.mp4,processed/acoustic_guitar/XEm5CH6YnT8
acoustic_guitar,Jyoc2fYMuAg,acoustic_guitar/Jyoc2fYMuAg,raw_videos/acoustic_guitar/Jyoc2fYMuAg.mp4,processed/acoustic_guitar/Jyoc2fYMuAg
acoustic_guitar,dRs7OnQ17ZI,acoustic_guitar/dRs7OnQ17ZI,raw_videos/acoustic_guitar/dRs7OnQ17ZI.mp4,processed/acoustic_guitar/dRs7OnQ17ZI
acoustic_guitar,OuP9LrFqNpk,acoustic_guitar/OuP9LrFqNpk,raw_videos/acoustic_guitar/OuP9LrFqNpk.mp4,processed/acoustic_guitar/OuP9LrFqNpk
acoustic_guitar,tOnwfxu44dc,acoustic_guitar/tOnwfxu44dc,raw_videos/acoustic_guitar/tOnwfxu44dc.mp4,processed/acoustic_guitar/tOnwfxu44dc
acoustic_guitar,DqdrEVrIoyM,acoustic_guitar/DqdrEVrIoyM,raw_videos/acoustic_guitar/DqdrEVrIoyM.mp4,processed/acoustic_guitar/DqdrEVrIoyM
acoustic_guitar,wibYy7xxlM0,acoustic_guitar/wibYy7xxlM0,raw_videos/acoustic_guitar/wibYy7xxlM0.mp4,processed/acoustic_guitar/wibYy7xxlM0
acoustic_guitar,2PIonVMUNfY,acoustic_guitar/2PIonVMUNfY,raw_videos/acoustic_guitar/2PIonVMUNfY.mp4,processed/acoustic_guitar/2PIonVMUNfY
acoustic_guitar,pdxjhqA23gg,acoustic_guitar/pdxjhqA23gg,raw_videos/acoustic_guitar/pdxjhqA23gg.mp4,processed/acoustic_guitar/pdxjhqA23gg
acoustic_guitar,1CZxLXxbejc,acoustic_guitar/1CZxLXxbejc,raw_videos/acoustic_guitar/1CZxLXxbejc.mp4,processed/acoustic_guitar/1CZxLXxbejc
acoustic_guitar,G4cJ4wviwS8,acoustic_guitar/G4cJ4wviwS8,raw_videos/acoustic_guitar/G4cJ4wviwS8.mp4,processed/acoustic_guitar/G4cJ4wviwS8
acoustic_guitar,1i8XHo25_KU,acoustic_guitar/1i8XHo25_KU,raw_videos/acoustic_guitar/1i8XHo25_KU.mp4,processed/acoustic_guitar/1i8XHo25_KU
acoustic_guitar,mRCm5CC6gPE,acoustic_guitar/mRCm5CC6gPE,raw_videos/acoustic_guitar/mRCm5CC6gPE.mp4,processed/acoustic_guitar/mRCm5CC6gPE
acoustic_guitar,k1WqYDq4EnM,acoustic_guitar/k1WqYDq4EnM,raw_videos/acoustic_guitar/k1WqYDq4EnM.mp4,processed/acoustic_guitar/k1WqYDq4EnM
acoustic_guitar,4EB44quIY7U,acoustic_guitar/4EB44quIY7U,raw_videos/acoustic_guitar/4EB44quIY7U.mp4,processed/acoustic_guitar/4EB44quIY7U
acoustic_guitar,Tc5mkFxS6cg,acoustic_guitar/Tc5mkFxS6cg,raw_videos/acoustic_guitar/Tc5mkFxS6cg.mp4,processed/acoustic_guitar/Tc5mkFxS6cg
acoustic_guitar,C10t7lBIXt0,acoustic_guitar/C10t7lBIXt0,raw_videos/acoustic_guitar/C10t7lBIXt0.mp4,processed/acoustic_guitar/C10t7lBIXt0
acoustic_guitar,8CW_Po6ZZSI,acoustic_guitar/8CW_Po6ZZSI,raw_videos/acoustic_guitar/8CW_Po6ZZSI.mp4,processed/acoustic_guitar/8CW_Po6ZZSI
acoustic_guitar,oKJE9kO9IMc,acoustic_guitar/oKJE9kO9IMc,raw_videos/acoustic_guitar/oKJE9kO9IMc.mp4,processed/acoustic_guitar/oKJE9kO9IMc
acoustic_guitar,SGDfWVf2D1Y,acoustic_guitar/SGDfWVf2D1Y,raw_videos/acoustic_guitar/SGDfWVf2D1Y.mp4,processed/acoustic_guitar/SGDfWVf2D1Y
acoustic_guitar,gxmHoSe8tIw,acoustic_guitar/gxmHoSe8tIw,raw_videos/acoustic_guitar/gxmHoSe8tIw.mp4,processed/acoustic_guitar/gxmHoSe8tIw
acoustic_guitar,IfgHhhcgJoQ,acoustic_guitar/IfgHhhcgJoQ,raw_videos/acoustic_guitar/IfgHhhcgJoQ.mp4,processed/acoustic_guitar/IfgHhhcgJoQ
acoustic_guitar,6mbQJ50nybo,acoustic_guitar/6mbQJ50nybo,raw_videos/acoustic_guitar/6mbQJ50nybo.mp4,processed/acoustic_guitar/6mbQJ50nybo
acoustic_guitar,L9ULW9i5h8Y,acoustic_guitar/L9ULW9i5h8Y,raw_videos/acoustic_guitar/L9ULW9i5h8Y.mp4,processed/acoustic_guitar/L9ULW9i5h8Y
acoustic_guitar,mTYvtVvttns,acoustic_guitar/mTYvtVvttns,raw_videos/acoustic_guitar/mTYvtVvttns.mp4,processed/acoustic_guitar/mTYvtVvttns
acoustic_guitar,3UqnftGu1o4,acoustic_guitar/3UqnftGu1o4,raw_videos/acoustic_guitar/3UqnftGu1o4.mp4,processed/acoustic_guitar/3UqnftGu1o4
acoustic_guitar,U_Nc-J5JJho,acoustic_guitar/U_Nc-J5JJho,raw_videos/acoustic_guitar/U_Nc-J5JJho.mp4,processed/acoustic_guitar/U_Nc-J5JJho
acoustic_guitar,J23tUljS_7A,acoustic_guitar/J23tUljS_7A,raw_videos/acoustic_guitar/J23tUljS_7A.mp4,processed/acoustic_guitar/J23tUljS_7A
acoustic_guitar,_XQ3FW8iEtY,acoustic_guitar/_XQ3FW8iEtY,raw_videos/acoustic_guitar/_XQ3FW8iEtY.mp4,processed/acoustic_guitar/_XQ3FW8iEtY
acoustic_guitar,jMGU7fuH_bM,acoustic_guitar/jMGU7fuH_bM,raw_videos/acoustic_guitar/jMGU7fuH_bM.mp4,processed/acoustic_guitar/jMGU7fuH_bM
acoustic_guitar,NiuVFIuW21Q,acoustic_guitar/NiuVFIuW21Q,raw_videos/acoustic_guitar/NiuVFIuW21Q.mp4,processed/acoustic_guitar/NiuVFIuW21Q
acoustic_guitar,YVoWBB7bN-w,acoustic_guitar/YVoWBB7bN-w,raw_videos/acoustic_guitar/YVoWBB7bN-w.mp4,processed/acoustic_guitar/YVoWBB7bN-w
acoustic_guitar,VNMg8Grq07M,acoustic_guitar/VNMg8Grq07M,raw_videos/acoustic_guitar/VNMg8Grq07M.mp4,processed/acoustic_guitar/VNMg8Grq07M
acoustic_guitar,JrOe25Yq6Gw,acoustic_guitar/JrOe25Yq6Gw,raw_videos/acoustic_guitar/JrOe25Yq6Gw.mp4,processed/acoustic_guitar/JrOe25Yq6Gw
acoustic_guitar,JwfMKAmnogE,acoustic_guitar/JwfMKAmnogE,raw_videos/acoustic_guitar/JwfMKAmnogE.mp4,processed/acoustic_guitar/JwfMKAmnogE
acoustic_guitar,vOsDBf8yDUE,acoustic_guitar/vOsDBf8yDUE,raw_videos/acoustic_guitar/vOsDBf8yDUE.mp4,processed/acoustic_guitar/vOsDBf8yDUE
acoustic_guitar,i0T8jOKnprw,acoustic_guitar/i0T8jOKnprw,raw_videos/acoustic_guitar/i0T8jOKnprw.mp4,processed/acoustic_guitar/i0T8jOKnprw
acoustic_guitar,tbYv17bdpMo,acoustic_guitar/tbYv17bdpMo,raw_videos/acoustic_guitar/tbYv17bdpMo.mp4,processed/acoustic_guitar/tbYv17bdpMo
acoustic_guitar,RFqwzijhKEg,acoustic_guitar/RFqwzijhKEg,raw_videos/acoustic_guitar/RFqwzijhKEg.mp4,processed/acoustic_guitar/RFqwzijhKEg
acoustic_guitar,D6RmuscqupA,acoustic_guitar/D6RmuscqupA,raw_videos/acoustic_guitar/D6RmuscqupA.mp4,processed/acoustic_guitar/D6RmuscqupA
acoustic_guitar,L6iUcX3ZNF8,acoustic_guitar/L6iUcX3ZNF8,raw_videos/acoustic_guitar/L6iUcX3ZNF8.mp4,processed/acoustic_guitar/L6iUcX3ZNF8
acoustic_guitar,zFWjIef-_Jc,acoustic_guitar/zFWjIef-_Jc,raw_videos/acoustic_guitar/zFWjIef-_Jc.mp4,processed/acoustic_guitar/zFWjIef-_Jc
acoustic_guitar,EGtDE37Nt_k,acoustic_guitar/EGtDE37Nt_k,raw_videos/acoustic_guitar/EGtDE37Nt_k.mp4,processed/acoustic_guitar/EGtDE37Nt_k
acoustic_guitar,l99RGCJlH3A,acoustic_guitar/l99RGCJlH3A,raw_videos/acoustic_guitar/l99RGCJlH3A.mp4,processed/acoustic_guitar/l99RGCJlH3A
acoustic_guitar,HGlIImajcRI,acoustic_guitar/HGlIImajcRI,raw_videos/acoustic_guitar/HGlIImajcRI.mp4,processed/acoustic_guitar/HGlIImajcRI
acoustic_guitar,iZ4Oio4d1wE,acoustic_guitar/iZ4Oio4d1wE,raw_videos/acoustic_guitar/iZ4Oio4d1wE.mp4,processed/acoustic_guitar/iZ4Oio4d1wE
acoustic_guitar,qd-fOulQK14,acoustic_guitar/qd-fOulQK14,raw_videos/acoustic_guitar/qd-fOulQK14.mp4,processed/acoustic_guitar/qd-fOulQK14
acoustic_guitar,sCyr_mATnb0,acoustic_guitar/sCyr_mATnb0,raw_videos/acoustic_guitar/sCyr_mATnb0.mp4,processed/acoustic_guitar/sCyr_mATnb0
acoustic_guitar,lMQbmp8St-8,acoustic_guitar/lMQbmp8St-8,raw_videos/acoustic_guitar/lMQbmp8St-8.mp4,processed/acoustic_guitar/lMQbmp8St-8
acoustic_guitar,Yy9BSvUZz2o,acoustic_guitar/Yy9BSvUZz2o,raw_videos/acoustic_guitar/Yy9BSvUZz2o.mp4,processed/acoustic_guitar/Yy9BSvUZz2o
acoustic_guitar,sb7HMEUvivI,acoustic_guitar/sb7HMEUvivI,raw_videos/acoustic_guitar/sb7HMEUvivI.mp4,processed/acoustic_guitar/sb7HMEUvivI
acoustic_guitar,AzqkvaJE7cU,acoustic_guitar/AzqkvaJE7cU,raw_videos/acoustic_guitar/AzqkvaJE7cU.mp4,processed/acoustic_guitar/AzqkvaJE7cU
acoustic_guitar,Q0CUNwQ61Hs,acoustic_guitar/Q0CUNwQ61Hs,raw_videos/acoustic_guitar/Q0CUNwQ61Hs.mp4,processed/acoustic_guitar/Q0CUNwQ61Hs
acoustic_guitar,hebu3chDcak,acoustic_guitar/hebu3chDcak,raw_videos/acoustic_guitar/hebu3chDcak.mp4,processed/acoustic_guitar/hebu3chDcak
acoustic_guitar,k8FQgh8P87A,acoustic_guitar/k8FQgh8P87A,raw_videos/acoustic_guitar/k8FQgh8P87A.mp4,processed/acoustic_guitar/k8FQgh8P87A
acoustic_guitar,uCk6wOm0Ny4,acoustic_guitar/uCk6wOm0Ny4,raw_videos/acoustic_guitar/uCk6wOm0Ny4.mp4,processed/acoustic_guitar/uCk6wOm0Ny4
acoustic_guitar,qUNM5SVOJ5Q,acoustic_guitar/qUNM5SVOJ5Q,raw_videos/acoustic_guitar/qUNM5SVOJ5Q.mp4,processed/acoustic_guitar/qUNM5SVOJ5Q
acoustic_guitar,qDQSrmCb99I,acoustic_guitar/qDQSrmCb99I,raw_videos/acoustic_guitar/qDQSrmCb99I.mp4,processed/acoustic_guitar/qDQSrmCb99I
acoustic_guitar,UoSZE8TzRlI,acoustic_guitar/UoSZE8TzRlI,raw_videos/acoustic_guitar/UoSZE8TzRlI.mp4,processed/acoustic_guitar/UoSZE8TzRlI
acoustic_guitar,MW16sqYUAqc,acoustic_guitar/MW16sqYUAqc,raw_videos/acoustic_guitar/MW16sqYUAqc.mp4,processed/acoustic_guitar/MW16sqYUAqc
acoustic_guitar,JE3f0pQzSOA,acoustic_guitar/JE3f0pQzSOA,raw_videos/acoustic_guitar/JE3f0pQzSOA.mp4,processed/acoustic_guitar/JE3f0pQzSOA
acoustic_guitar,yhg_RNzUR2k,acoustic_guitar/yhg_RNzUR2k,raw_videos/acoustic_guitar/yhg_RNzUR2k.mp4,processed/acoustic_guitar/yhg_RNzUR2k
acoustic_guitar,KfyTKr8pGfU,acoustic_guitar/KfyTKr8pGfU,raw_videos/acoustic_guitar/KfyTKr8pGfU.mp4,processed/acoustic_guitar/KfyTKr8pGfU
acoustic_guitar,gSxQFA9twxw,acoustic_guitar/gSxQFA9twxw,raw_videos/acoustic_guitar/gSxQFA9twxw.mp4,processed/acoustic_guitar/gSxQFA9twxw
acoustic_guitar,dbYEGWYq2JE,acoustic_guitar/dbYEGWYq2JE,raw_videos/acoustic_guitar/dbYEGWYq2JE.mp4,processed/acoustic_guitar/dbYEGWYq2JE
acoustic_guitar,rWGbMGvBMJw,acoustic_guitar/rWGbMGvBMJw,raw_videos/acoustic_guitar/rWGbMGvBMJw.mp4,processed/acoustic_guitar/rWGbMGvBMJw
acoustic_guitar,AGRt2Y6k5FI,acoustic_guitar/AGRt2Y6k5FI,raw_videos/acoustic_guitar/AGRt2Y6k5FI.mp4,processed/acoustic_guitar/AGRt2Y6k5FI
acoustic_guitar,TZ8va6NvyPI,acoustic_guitar/TZ8va6NvyPI,raw_videos/acoustic_guitar/TZ8va6NvyPI.mp4,processed/acoustic_guitar/TZ8va6NvyPI
acoustic_guitar,rseSdZ4VzFo,acoustic_guitar/rseSdZ4VzFo,raw_videos/acoustic_guitar/rseSdZ4VzFo.mp4,processed/acoustic_guitar/rseSdZ4VzFo
acoustic_guitar,2aRRBsBPxg0,acoustic_guitar/2aRRBsBPxg0,raw_videos/acoustic_guitar/2aRRBsBPxg0.mp4,processed/acoustic_guitar/2aRRBsBPxg0
acoustic_guitar,w0NWyKjQPqY,acoustic_guitar/w0NWyKjQPqY,raw_videos/acoustic_guitar/w0NWyKjQPqY.mp4,processed/acoustic_guitar/w0NWyKjQPqY
acoustic_guitar,TzWXCBUaSKA,acoustic_guitar/TzWXCBUaSKA,raw_videos/acoustic_guitar/TzWXCBUaSKA.mp4,processed/acoustic_guitar/TzWXCBUaSKA
acoustic_guitar,jzELU3unsAs,acoustic_guitar/jzELU3unsAs,raw_videos/acoustic_guitar/jzELU3unsAs.mp4,processed/acoustic_guitar/jzELU3unsAs
acoustic_guitar,7gBrjFl86kQ,acoustic_guitar/7gBrjFl86kQ,raw_videos/acoustic_guitar/7gBrjFl86kQ.mp4,processed/acoustic_guitar/7gBrjFl86kQ
acoustic_guitar,nF2cyOkUOhs,acoustic_guitar/nF2cyOkUOhs,raw_videos/acoustic_guitar/nF2cyOkUOhs.mp4,processed/acoustic_guitar/nF2cyOkUOhs
acoustic_guitar,bIDiIcp3XYA,acoustic_guitar/bIDiIcp3XYA,raw_videos/acoustic_guitar/bIDiIcp3XYA.mp4,processed/acoustic_guitar/bIDiIcp3XYA
acoustic_guitar,HIwehsjxjp8,acoustic_guitar/HIwehsjxjp8,raw_videos/acoustic_guitar/HIwehsjxjp8.mp4,processed/acoustic_guitar/HIwehsjxjp8
acoustic_guitar,O_J8_sXtYoA,acoustic_guitar/O_J8_sXtYoA,raw_videos/acoustic_guitar/O_J8_sXtYoA.mp4,processed/acoustic_guitar/O_J8_sXtYoA
acoustic_guitar,xJA6rLHeChU,acoustic_guitar/xJA6rLHeChU,raw_videos/acoustic_guitar/xJA6rLHeChU.mp4,processed/acoustic_guitar/xJA6rLHeChU
acoustic_guitar,QjihRnoSac0,acoustic_guitar/QjihRnoSac0,raw_videos/acoustic_guitar/QjihRnoSac0.mp4,processed/acoustic_guitar/QjihRnoSac0
acoustic_guitar,4Ty1DwLKQ3A,acoustic_guitar/4Ty1DwLKQ3A,raw_videos/acoustic_guitar/4Ty1DwLKQ3A.mp4,processed/acoustic_guitar/4Ty1DwLKQ3A
acoustic_guitar,e4c_i8kicAo,acoustic_guitar/e4c_i8kicAo,raw_videos/acoustic_guitar/e4c_i8kicAo.mp4,processed/acoustic_guitar/e4c_i8kicAo
acoustic_guitar,WwyUdhDAaBA,acoustic_guitar/WwyUdhDAaBA,raw_videos/acoustic_guitar/WwyUdhDAaBA.mp4,processed/acoustic_guitar/WwyUdhDAaBA
acoustic_guitar,DEg4apuzePM,acoustic_guitar/DEg4apuzePM,raw_videos/acoustic_guitar/DEg4apuzePM.mp4,processed/acoustic_guitar/DEg4apuzePM
acoustic_guitar,YjajGjic2OI,acoustic_guitar/YjajGjic2OI,raw_videos/acoustic_guitar/YjajGjic2OI.mp4,processed/acoustic_guitar/YjajGjic2OI
acoustic_guitar,2090WsVUU4k,acoustic_guitar/2090WsVUU4k,raw_videos/acoustic_guitar/2090WsVUU4k.mp4,processed/acoustic_guitar/2090WsVUU4k
acoustic_guitar,w956XxGjUtc,acoustic_guitar/w956XxGjUtc,raw_videos/acoustic_guitar/w956XxGjUtc.mp4,processed/acoustic_guitar/w956XxGjUtc
acoustic_guitar,SmtiGSQiyyM,acoustic_guitar/SmtiGSQiyyM,raw_videos/acoustic_guitar/SmtiGSQiyyM.mp4,processed/acoustic_guitar/SmtiGSQiyyM
acoustic_guitar,9tcUGtxbTw8,acoustic_guitar/9tcUGtxbTw8,raw_videos/acoustic_guitar/9tcUGtxbTw8.mp4,processed/acoustic_guitar/9tcUGtxbTw8
acoustic_guitar,njbv3x2I0OA,acoustic_guitar/njbv3x2I0OA,raw_videos/acoustic_guitar/njbv3x2I0OA.mp4,processed/acoustic_guitar/njbv3x2I0OA
acoustic_guitar,ZdEdT0daADU,acoustic_guitar/ZdEdT0daADU,raw_videos/acoustic_guitar/ZdEdT0daADU.mp4,processed/acoustic_guitar/ZdEdT0daADU
acoustic_guitar,UQTo9mNMjD4,acoustic_guitar/UQTo9mNMjD4,raw_videos/acoustic_guitar/UQTo9mNMjD4.mp4,processed/acoustic_guitar/UQTo9mNMjD4
acoustic_guitar,NEFpxpOohzU,acoustic_guitar/NEFpxpOohzU,raw_videos/acoustic_guitar/NEFpxpOohzU.mp4,processed/acoustic_guitar/NEFpxpOohzU
acoustic_guitar,vvfbdGJDKg4,acoustic_guitar/vvfbdGJDKg4,raw_videos/acoustic_guitar/vvfbdGJDKg4.mp4,processed/acoustic_guitar/vvfbdGJDKg4
acoustic_guitar,kn4Vs6mx-BM,acoustic_guitar/kn4Vs6mx-BM,raw_videos/acoustic_guitar/kn4Vs6mx-BM.mp4,processed/acoustic_guitar/kn4Vs6mx-BM
acoustic_guitar,dama9qmhf2A,acoustic_guitar/dama9qmhf2A,raw_videos/acoustic_guitar/dama9qmhf2A.mp4,processed/acoustic_guitar/dama9qmhf2A
acoustic_guitar,cfXqF6RQk0w,acoustic_guitar/cfXqF6RQk0w,raw_videos/acoustic_guitar/cfXqF6RQk0w.mp4,processed/acoustic_guitar/cfXqF6RQk0w
acoustic_guitar,P7HzvxXgBQ8,acoustic_guitar/P7HzvxXgBQ8,raw_videos/acoustic_guitar/P7HzvxXgBQ8.mp4,processed/acoustic_guitar/P7HzvxXgBQ8
cello,4Oy5VmaacaI,cello/4Oy5VmaacaI,raw_videos/cello/4Oy5VmaacaI.mp4,processed/cello/4Oy5VmaacaI
cello,Mff3pp-Fj2w,cello/Mff3pp-Fj2w,raw_videos/cello/Mff3pp-Fj2w.mp4,processed/cello/Mff3pp-Fj2w
cello,XS_dSmZ0xbw,cello/XS_dSmZ0xbw,raw_videos/cello/XS_dSmZ0xbw.mp4,processed/cello/XS_dSmZ0xbw
cello,1Ju4S0qeDqw,cello/1Ju4S0qeDqw,raw_videos/cello/1Ju4S0qeDqw.mp4,processed/cello/1Ju4S0qeDqw
cello,-_-TDDxoaAc,cello/-_-TDDxoaAc,raw_videos/cello/-_-TDDxoaAc.mp4,processed/cello/-_-TDDxoaAc
cello,DPSLdZBaQTM,cello/DPSLdZBaQTM,raw_videos/cello/DPSLdZBaQTM.mp4,processed/cello/DPSLdZBaQTM
cello,IcV9yqQOqkw,cello/IcV9yqQOqkw,raw_videos/cello/IcV9yqQOqkw.mp4,processed/cello/IcV9yqQOqkw
cello,I0LedcEaPL0,cello/I0LedcEaPL0,raw_videos/cello/I0LedcEaPL0.mp4,processed/cello/I0LedcEaPL0
cello,ZcKsPFZG4_0,cello/ZcKsPFZG4_0,raw_videos/cello/ZcKsPFZG4_0.mp4,processed/cello/ZcKsPFZG4_0
cello,CSKOEhh5nBk,cello/CSKOEhh5nBk,raw_videos/cello/CSKOEhh5nBk.mp4,processed/cello/CSKOEhh5nBk
cello,Rj5XJO5T8PY,cello/Rj5XJO5T8PY,raw_videos/cello/Rj5XJO5T8PY.mp4,processed/cello/Rj5XJO5T8PY
cello,VlIcqDWmPkw,cello/VlIcqDWmPkw,raw_videos/cello/VlIcqDWmPkw.mp4,processed/cello/VlIcqDWmPkw
cello,U2s_4d0ZLT8,cello/U2s_4d0ZLT8,raw_videos/cello/U2s_4d0ZLT8.mp4,processed/cello/U2s_4d0ZLT8
cello,CjNKUiFHUC8,cello/CjNKUiFHUC8,raw_videos/cello/CjNKUiFHUC8.mp4,processed/cello/CjNKUiFHUC8
cello,-3V-vUMkHqk,cello/-3V-vUMkHqk,raw_videos/cello/-3V-vUMkHqk.mp4,processed/cello/-3V-vUMkHqk
cello,EtP6JBWtd7s,cello/EtP6JBWtd7s,raw_videos/cello/EtP6JBWtd7s.mp4,processed/cello/EtP6JBWtd7s
cello,FntHqAlD1S0,cello/FntHqAlD1S0,raw_videos/cello/FntHqAlD1S0.mp4,processed/cello/FntHqAlD1S0
cello,R6M2LLmUg1k,cello/R6M2LLmUg1k,raw_videos/cello/R6M2LLmUg1k.mp4,processed/cello/R6M2LLmUg1k
cello,B22eZY1PESY,cello/B22eZY1PESY,raw_videos/cello/B22eZY1PESY.mp4,processed/cello/B22eZY1PESY
cello,D1DjJqqK5Rw,cello/D1DjJqqK5Rw,raw_videos/cello/D1DjJqqK5Rw.mp4,processed/cello/D1DjJqqK5Rw
cello,97UEABGyyw8,cello/97UEABGyyw8,raw_videos/cello/97UEABGyyw8.mp4,processed/cello/97UEABGyyw8
cello,2R12lQszz90,cello/2R12lQszz90,raw_videos/cello/2R12lQszz90.mp4,processed/cello/2R12lQszz90
cello,19CdPaHrVPQ,cello/19CdPaHrVPQ,raw_videos/cello/19CdPaHrVPQ.mp4,processed/cello/19CdPaHrVPQ
cello,WVeheJFHQS4,cello/WVeheJFHQS4,raw_videos/cello/WVeheJFHQS4.mp4,processed/cello/WVeheJFHQS4
cello,-Gdh8N_KpLY,cello/-Gdh8N_KpLY,raw_videos/cello/-Gdh8N_KpLY.mp4,processed/cello/-Gdh8N_KpLY
cello,YmKMEpt9OjQ,cello/YmKMEpt9OjQ,raw_videos/cello/YmKMEpt9OjQ.mp4,processed/cello/YmKMEpt9OjQ
cello,XI7Fx7rJt4I,cello/XI7Fx7rJt4I,raw_videos/cello/XI7Fx7rJt4I.mp4,processed/cello/XI7Fx7rJt4I
cello,7RRqeIUqXPs,cello/7RRqeIUqXPs,raw_videos/cello/7RRqeIUqXPs.mp4,processed/cello/7RRqeIUqXPs
cello,MvkJvZSOmjY,cello/MvkJvZSOmjY,raw_videos/cello/MvkJvZSOmjY.mp4,processed/cello/MvkJvZSOmjY
cello,-oe-KptPGnY,cello/-oe-KptPGnY,raw_videos/cello/-oe-KptPGnY.mp4,processed/cello/-oe-KptPGnY
cello,S86qStDAz3A,cello/S86qStDAz3A,raw_videos/cello/S86qStDAz3A.mp4,processed/cello/S86qStDAz3A
cello,EvBzKBdfZxA,cello/EvBzKBdfZxA,raw_videos/cello/EvBzKBdfZxA.mp4,processed/cello/EvBzKBdfZxA
cello,PCicM6i59_I,cello/PCicM6i59_I,raw_videos/cello/PCicM6i59_I.mp4,processed/cello/PCicM6i59_I
cello,Mh2tJbJiWQQ,cello/Mh2tJbJiWQQ,raw_videos/cello/Mh2tJbJiWQQ.mp4,processed/cello/Mh2tJbJiWQQ
cello,IlDWk-x6Cag,cello/IlDWk-x6Cag,raw_videos/cello/IlDWk-x6Cag.mp4,processed/cello/IlDWk-x6Cag
cello,_oUTOskOwXs,cello/_oUTOskOwXs,raw_videos/cello/_oUTOskOwXs.mp4,processed/cello/_oUTOskOwXs
cello,PmdfpSyB3BY,cello/PmdfpSyB3BY,raw_videos/cello/PmdfpSyB3BY.mp4,processed/cello/PmdfpSyB3BY
cello,3N1KAaBJkwU,cello/3N1KAaBJkwU,raw_videos/cello/3N1KAaBJkwU.mp4,processed/cello/3N1KAaBJkwU
cello,I--nizkVQzE,cello/I--nizkVQzE,raw_videos/cello/I--nizkVQzE.mp4,processed/cello/I--nizkVQzE
cello,5Eg6GNhszNE,cello/5Eg6GNhszNE,raw_videos/cello/5Eg6GNhszNE.mp4,processed/cello/5Eg6GNhszNE
cello,2ARPm0djKIk,cello/2ARPm0djKIk,raw_videos/cello/2ARPm0djKIk.mp4,processed/cello/2ARPm0djKIk
cello,QZEkGj9m1qs,cello/QZEkGj9m1qs,raw_videos/cello/QZEkGj9m1qs.mp4,processed/cello/QZEkGj9m1qs
cello,Lq3671NhNZk,cello/Lq3671NhNZk,raw_videos/cello/Lq3671NhNZk.mp4,processed/cello/Lq3671NhNZk
cello,VdFnyZWJAgo,cello/VdFnyZWJAgo,raw_videos/cello/VdFnyZWJAgo.mp4,processed/cello/VdFnyZWJAgo
cello,MUalqwUFrPs,cello/MUalqwUFrPs,raw_videos/cello/MUalqwUFrPs.mp4,processed/cello/MUalqwUFrPs
cello,_Nr58vTAIkw,cello/_Nr58vTAIkw,raw_videos/cello/_Nr58vTAIkw.mp4,processed/cello/_Nr58vTAIkw
cello,MCftKtqmH1A,cello/MCftKtqmH1A,raw_videos/cello/MCftKtqmH1A.mp4,processed/cello/MCftKtqmH1A
cello,NhkPpOvrtz0,cello/NhkPpOvrtz0,raw_videos/cello/NhkPpOvrtz0.mp4,processed/cello/NhkPpOvrtz0
cello,SyToSKUxgKs,cello/SyToSKUxgKs,raw_videos/cello/SyToSKUxgKs.mp4,processed/cello/SyToSKUxgKs
cello,TBngVoy_GrE,cello/TBngVoy_GrE,raw_videos/cello/TBngVoy_GrE.mp4,processed/cello/TBngVoy_GrE
cello,Rr1UkDkhDlA,cello/Rr1UkDkhDlA,raw_videos/cello/Rr1UkDkhDlA.mp4,processed/cello/Rr1UkDkhDlA
cello,M3YZEmQyt6c,cello/M3YZEmQyt6c,raw_videos/cello/M3YZEmQyt6c.mp4,processed/cello/M3YZEmQyt6c
cello,VYkZb7F4zKo,cello/VYkZb7F4zKo,raw_videos/cello/VYkZb7F4zKo.mp4,processed/cello/VYkZb7F4zKo
cello,9xj3e5A8XwE,cello/9xj3e5A8XwE,raw_videos/cello/9xj3e5A8XwE.mp4,processed/cello/9xj3e5A8XwE
cello,QeravklOaAg,cello/QeravklOaAg,raw_videos/cello/QeravklOaAg.mp4,processed/cello/QeravklOaAg
cello,PEyIPSlJNQM,cello/PEyIPSlJNQM,raw_videos/cello/PEyIPSlJNQM.mp4,processed/cello/PEyIPSlJNQM
cello,FcO9w1mYEEs,cello/FcO9w1mYEEs,raw_videos/cello/FcO9w1mYEEs.mp4,processed/cello/FcO9w1mYEEs
cello,ZNy8BIDMuNo,cello/ZNy8BIDMuNo,raw_videos/cello/ZNy8BIDMuNo.mp4,processed/cello/ZNy8BIDMuNo
cello,b4Bz3QOAlvs,cello/b4Bz3QOAlvs,raw_videos/cello/b4Bz3QOAlvs.mp4,processed/cello/b4Bz3QOAlvs
cello,1u3yHICR_BU,cello/1u3yHICR_BU,raw_videos/cello/1u3yHICR_BU.mp4,processed/cello/1u3yHICR_BU
cello,0y0hifCbUEY,cello/0y0hifCbUEY,raw_videos/cello/0y0hifCbUEY.mp4,processed/cello/0y0hifCbUEY
cello,TBngVoy_GrE,cello/TBngVoy_GrE,raw_videos/cello/TBngVoy_GrE.mp4,processed/cello/TBngVoy_GrE
cello,I0LedcEaPL0,cello/I0LedcEaPL0,raw_videos/cello/I0LedcEaPL0.mp4,processed/cello/I0LedcEaPL0
cello,otprW6gmy2I,cello/otprW6gmy2I,raw_videos/cello/otprW6gmy2I.mp4,processed/cello/otprW6gmy2I
cello,4Hv7Z0H65Zo,cello/4Hv7Z0H65Zo,raw_videos/cello/4Hv7Z0H65Zo.mp4,processed/cello/4Hv7Z0H65Zo
cello,_NnR72uKuq0,cello/_NnR72uKuq0,raw_videos/cello/_NnR72uKuq0.mp4,processed/cello/_NnR72uKuq0
cello,17Kjw976myc,cello/17Kjw976myc,raw_videos/cello/17Kjw976myc.mp4,processed/cello/17Kjw976myc
cello,9BcWlp2Kls8,cello/9BcWlp2Kls8,raw_videos/cello/9BcWlp2Kls8.mp4,processed/cello/9BcWlp2Kls8
cello,EOVPt3TOBX8,cello/EOVPt3TOBX8,raw_videos/cello/EOVPt3TOBX8.mp4,processed/cello/EOVPt3TOBX8
cello,Je_VeWmcYVc,cello/Je_VeWmcYVc,raw_videos/cello/Je_VeWmcYVc.mp4,processed/cello/Je_VeWmcYVc
cello,rZY2cr5AnZI,cello/rZY2cr5AnZI,raw_videos/cello/rZY2cr5AnZI.mp4,processed/cello/rZY2cr5AnZI
cello,iEwM2PHLMZQ,cello/iEwM2PHLMZQ,raw_videos/cello/iEwM2PHLMZQ.mp4,processed/cello/iEwM2PHLMZQ
cello,mmJim2h-byQ,cello/mmJim2h-byQ,raw_videos/cello/mmJim2h-byQ.mp4,processed/cello/mmJim2h-byQ
cello,jLaUSEL-cIw,cello/jLaUSEL-cIw,raw_videos/cello/jLaUSEL-cIw.mp4,processed/cello/jLaUSEL-cIw
cello,iL1h8w0o9o8,cello/iL1h8w0o9o8,raw_videos/cello/iL1h8w0o9o8.mp4,processed/cello/iL1h8w0o9o8
cello,QksoVFjyiPI,cello/QksoVFjyiPI,raw_videos/cello/QksoVFjyiPI.mp4,processed/cello/QksoVFjyiPI
cello,Z-sQ4kDYCjU,cello/Z-sQ4kDYCjU,raw_videos/cello/Z-sQ4kDYCjU.mp4,processed/cello/Z-sQ4kDYCjU
cello,hEYVp0hiRVI,cello/hEYVp0hiRVI,raw_videos/cello/hEYVp0hiRVI.mp4,processed/cello/hEYVp0hiRVI
cello,BL1ghCJNL30,cello/BL1ghCJNL30,raw_videos/cello/BL1ghCJNL30.mp4,processed/cello/BL1ghCJNL30
cello,DHqq9429MWw,cello/DHqq9429MWw,raw_videos/cello/DHqq9429MWw.mp4,processed/cello/DHqq9429MWw
cello,fK_t7cdYoqU,cello/fK_t7cdYoqU,raw_videos/cello/fK_t7cdYoqU.mp4,processed/cello/fK_t7cdYoqU
cello,dh5Fomb7syk,cello/dh5Fomb7syk,raw_videos/cello/dh5Fomb7syk.mp4,processed/cello/dh5Fomb7syk
cello,hPmMl-ehjRc,cello/hPmMl-ehjRc,raw_videos/cello/hPmMl-ehjRc.mp4,processed/cello/hPmMl-ehjRc
cello,Bsld8KqOMXg,cello/Bsld8KqOMXg,raw_videos/cello/Bsld8KqOMXg.mp4,processed/cello/Bsld8KqOMXg
cello,3r6RoBbIcRA,cello/3r6RoBbIcRA,raw_videos/cello/3r6RoBbIcRA.mp4,processed/cello/3r6RoBbIcRA
cello,_O0y1PzDdFg,cello/_O0y1PzDdFg,raw_videos/cello/_O0y1PzDdFg.mp4,processed/cello/_O0y1PzDdFg
cello,fEMLLbEoPA0,cello/fEMLLbEoPA0,raw_videos/cello/fEMLLbEoPA0.mp4,processed/cello/fEMLLbEoPA0
cello,NH-gD4PLsPs,cello/NH-gD4PLsPs,raw_videos/cello/NH-gD4PLsPs.mp4,processed/cello/NH-gD4PLsPs
cello,iTHPAUmeflo,cello/iTHPAUmeflo,raw_videos/cello/iTHPAUmeflo.mp4,processed/cello/iTHPAUmeflo
cello,dpTY3PsvrSA,cello/dpTY3PsvrSA,raw_videos/cello/dpTY3PsvrSA.mp4,processed/cello/dpTY3PsvrSA
cello,Cn3OJ41HTH0,cello/Cn3OJ41HTH0,raw_videos/cello/Cn3OJ41HTH0.mp4,processed/cello/Cn3OJ41HTH0
cello,mr_f-ooMotg,cello/mr_f-ooMotg,raw_videos/cello/mr_f-ooMotg.mp4,processed/cello/mr_f-ooMotg
cello,N3yqiE2Prt4,cello/N3yqiE2Prt4,raw_videos/cello/N3yqiE2Prt4.mp4,processed/cello/N3yqiE2Prt4
cello,Sw7VpJbSuJc,cello/Sw7VpJbSuJc,raw_videos/cello/Sw7VpJbSuJc.mp4,processed/cello/Sw7VpJbSuJc
cello,Dn8vYxQxf-4,cello/Dn8vYxQxf-4,raw_videos/cello/Dn8vYxQxf-4.mp4,processed/cello/Dn8vYxQxf-4
cello,J7QA7zE5Hg0,cello/J7QA7zE5Hg0,raw_videos/cello/J7QA7zE5Hg0.mp4,processed/cello/J7QA7zE5Hg0
cello,59FI8kpA1GE,cello/59FI8kpA1GE,raw_videos/cello/59FI8kpA1GE.mp4,processed/cello/59FI8kpA1GE
cello,IuxbEH6fdJU,cello/IuxbEH6fdJU,raw_videos/cello/IuxbEH6fdJU.mp4,processed/cello/IuxbEH6fdJU
cello,lRDoK7SkKQ4,cello/lRDoK7SkKQ4,raw_videos/cello/lRDoK7SkKQ4.mp4,processed/cello/lRDoK7SkKQ4
cello,Ebppt68NMpk,cello/Ebppt68NMpk,raw_videos/cello/Ebppt68NMpk.mp4,processed/cello/Ebppt68NMpk
cello,4FLvVHr072g,cello/4FLvVHr072g,raw_videos/cello/4FLvVHr072g.mp4,processed/cello/4FLvVHr072g
cello,3hbYoIs-euU,cello/3hbYoIs-euU,raw_videos/cello/3hbYoIs-euU.mp4,processed/cello/3hbYoIs-euU
cello,0inVVJjRhRE,cello/0inVVJjRhRE,raw_videos/cello/0inVVJjRhRE.mp4,processed/cello/0inVVJjRhRE
cello,1cLN6iJP4LY,cello/1cLN6iJP4LY,raw_videos/cello/1cLN6iJP4LY.mp4,processed/cello/1cLN6iJP4LY
cello,gOCoyistYT4,cello/gOCoyistYT4,raw_videos/cello/gOCoyistYT4.mp4,processed/cello/gOCoyistYT4
cello,KAg0vTQrrTA,cello/KAg0vTQrrTA,raw_videos/cello/KAg0vTQrrTA.mp4,processed/cello/KAg0vTQrrTA
cello,d-CpPmtnsSI,cello/d-CpPmtnsSI,raw_videos/cello/d-CpPmtnsSI.mp4,processed/cello/d-CpPmtnsSI
cello,GTE_vbuCUiY,cello/GTE_vbuCUiY,raw_videos/cello/GTE_vbuCUiY.mp4,processed/cello/GTE_vbuCUiY
cello,dbjqrPFUngQ,cello/dbjqrPFUngQ,raw_videos/cello/dbjqrPFUngQ.mp4,processed/cello/dbjqrPFUngQ
cello,TxFrjkOZRuU,cello/TxFrjkOZRuU,raw_videos/cello/TxFrjkOZRuU.mp4,processed/cello/TxFrjkOZRuU
cello,xNZU4aITLG8,cello/xNZU4aITLG8,raw_videos/cello/xNZU4aITLG8.mp4,processed/cello/xNZU4aITLG8
cello,gP6OxEsdBts,cello/gP6OxEsdBts,raw_videos/cello/gP6OxEsdBts.mp4,processed/cello/gP6OxEsdBts
cello,sjD88_vuOgU,cello/sjD88_vuOgU,raw_videos/cello/sjD88_vuOgU.mp4,processed/cello/sjD88_vuOgU
cello,GnjT7kQQzMM,cello/GnjT7kQQzMM,raw_videos/cello/GnjT7kQQzMM.mp4,processed/cello/GnjT7kQQzMM
cello,AAO1LviKAPk,cello/AAO1LviKAPk,raw_videos/cello/AAO1LviKAPk.mp4,processed/cello/AAO1LviKAPk
cello,lsOzyjZiSs4,cello/lsOzyjZiSs4,raw_videos/cello/lsOzyjZiSs4.mp4,processed/cello/lsOzyjZiSs4
cello,_zZXVaQ0txI,cello/_zZXVaQ0txI,raw_videos/cello/_zZXVaQ0txI.mp4,processed/cello/_zZXVaQ0txI
cello,4V3D7eMp6oA,cello/4V3D7eMp6oA,raw_videos/cello/4V3D7eMp6oA.mp4,processed/cello/4V3D7eMp6oA
cello,fF1e6q3omIU,cello/fF1e6q3omIU,raw_videos/cello/fF1e6q3omIU.mp4,processed/cello/fF1e6q3omIU
cello,tGBe9MUzk1o,cello/tGBe9MUzk1o,raw_videos/cello/tGBe9MUzk1o.mp4,processed/cello/tGBe9MUzk1o
cello,__cFr6thUi0,cello/__cFr6thUi0,raw_videos/cello/__cFr6thUi0.mp4,processed/cello/__cFr6thUi0
cello,WoA8zzi_UH4,cello/WoA8zzi_UH4,raw_videos/cello/WoA8zzi_UH4.mp4,processed/cello/WoA8zzi_UH4
cello,nTnzO4HZriQ,cello/nTnzO4HZriQ,raw_videos/cello/nTnzO4HZriQ.mp4,processed/cello/nTnzO4HZriQ
cello,wrA_TTzUY-0,cello/wrA_TTzUY-0,raw_videos/cello/wrA_TTzUY-0.mp4,processed/cello/wrA_TTzUY-0
cello,wid_qGnzk8U,cello/wid_qGnzk8U,raw_videos/cello/wid_qGnzk8U.mp4,processed/cello/wid_qGnzk8U
cello,qzb8aEW_Rdc,cello/qzb8aEW_Rdc,raw_videos/cello/qzb8aEW_Rdc.mp4,processed/cello/qzb8aEW_Rdc
cello,p5jKkYF4IMc,cello/p5jKkYF4IMc,raw_videos/cello/p5jKkYF4IMc.mp4,processed/cello/p5jKkYF4IMc
cello,2XEo59czyk8,cello/2XEo59czyk8,raw_videos/cello/2XEo59czyk8.mp4,processed/cello/2XEo59czyk8
cello,bBqyqv0u-lE,cello/bBqyqv0u-lE,raw_videos/cello/bBqyqv0u-lE.mp4,processed/cello/bBqyqv0u-lE
cello,CkoGmJaPPhk,cello/CkoGmJaPPhk,raw_videos/cello/CkoGmJaPPhk.mp4,processed/cello/CkoGmJaPPhk
cello,mSzIj0YYka4,cello/mSzIj0YYka4,raw_videos/cello/mSzIj0YYka4.mp4,processed/cello/mSzIj0YYka4
cello,GxhHD6gH3CY,cello/GxhHD6gH3CY,raw_videos/cello/GxhHD6gH3CY.mp4,processed/cello/GxhHD6gH3CY
cello,-2Sz3vubR_4,cello/-2Sz3vubR_4,raw_videos/cello/-2Sz3vubR_4.mp4,processed/cello/-2Sz3vubR_4
cello,E1jK3pi1e1U,cello/E1jK3pi1e1U,raw_videos/cello/E1jK3pi1e1U.mp4,processed/cello/E1jK3pi1e1U
cello,sD_eEmEb5CQ,cello/sD_eEmEb5CQ,raw_videos/cello/sD_eEmEb5CQ.mp4,processed/cello/sD_eEmEb5CQ
cello,DkI9i3j8xjI,cello/DkI9i3j8xjI,raw_videos/cello/DkI9i3j8xjI.mp4,processed/cello/DkI9i3j8xjI
cello,841Pl5T8NEM,cello/841Pl5T8NEM,raw_videos/cello/841Pl5T8NEM.mp4,processed/cello/841Pl5T8NEM
cello,dNMzeQifL5Q,cello/dNMzeQifL5Q,raw_videos/cello/dNMzeQifL5Q.mp4,processed/cello/dNMzeQifL5Q
cello,ToyTRIN9pcY,cello/ToyTRIN9pcY,raw_videos/cello/ToyTRIN9pcY.mp4,processed/cello/ToyTRIN9pcY
cello,JpyXLcWva7E,cello/JpyXLcWva7E,raw_videos/cello/JpyXLcWva7E.mp4,processed/cello/JpyXLcWva7E
cello,Q_bTmiQj-mk,cello/Q_bTmiQj-mk,raw_videos/cello/Q_bTmiQj-mk.mp4,processed/cello/Q_bTmiQj-mk
cello,OywVaTOqMWo,cello/OywVaTOqMWo,raw_videos/cello/OywVaTOqMWo.mp4,processed/cello/OywVaTOqMWo
cello,CPZh35QOsKA,cello/CPZh35QOsKA,raw_videos/cello/CPZh35QOsKA.mp4,processed/cello/CPZh35QOsKA
cello,uBkHMnHPyns,cello/uBkHMnHPyns,raw_videos/cello/uBkHMnHPyns.mp4,processed/cello/uBkHMnHPyns
cello,j3xat6aKOdU,cello/j3xat6aKOdU,raw_videos/cello/j3xat6aKOdU.mp4,processed/cello/j3xat6aKOdU
cello,MeioD-AgpqQ,cello/MeioD-AgpqQ,raw_videos/cello/MeioD-AgpqQ.mp4,processed/cello/MeioD-AgpqQ
cello,YBKVElqU4j4,cello/YBKVElqU4j4,raw_videos/cello/YBKVElqU4j4.mp4,processed/cello/YBKVElqU4j4
cello,1X2l_1za1g0,cello/1X2l_1za1g0,raw_videos/cello/1X2l_1za1g0.mp4,processed/cello/1X2l_1za1g0
cello,d7SONXzPCfg,cello/d7SONXzPCfg,raw_videos/cello/d7SONXzPCfg.mp4,processed/cello/d7SONXzPCfg
cello,vXS3dMKxRbI,cello/vXS3dMKxRbI,raw_videos/cello/vXS3dMKxRbI.mp4,processed/cello/vXS3dMKxRbI
cello,Y2mkErJ8BnM,cello/Y2mkErJ8BnM,raw_videos/cello/Y2mkErJ8BnM.mp4,processed/cello/Y2mkErJ8BnM
cello,o5H0iqNW-KM,cello/o5H0iqNW-KM,raw_videos/cello/o5H0iqNW-KM.mp4,processed/cello/o5H0iqNW-KM
cello,yi70jMy8K4A,cello/yi70jMy8K4A,raw_videos/cello/yi70jMy8K4A.mp4,processed/cello/yi70jMy8K4A
cello,gm8hV6tmv84,cello/gm8hV6tmv84,raw_videos/cello/gm8hV6tmv84.mp4,processed/cello/gm8hV6tmv84
cello,EfbwGyiFtdk,cello/EfbwGyiFtdk,raw_videos/cello/EfbwGyiFtdk.mp4,processed/cello/EfbwGyiFtdk
cello,NnqQONGS4R4,cello/NnqQONGS4R4,raw_videos/cello/NnqQONGS4R4.mp4,processed/cello/NnqQONGS4R4
cello,dzOYVwGgc34,cello/dzOYVwGgc34,raw_videos/cello/dzOYVwGgc34.mp4,processed/cello/dzOYVwGgc34
cello,_jDC-ZZQaDw,cello/_jDC-ZZQaDw,raw_videos/cello/_jDC-ZZQaDw.mp4,processed/cello/_jDC-ZZQaDw
cello,ZJeuG8YtP5A,cello/ZJeuG8YtP5A,raw_videos/cello/ZJeuG8YtP5A.mp4,processed/cello/ZJeuG8YtP5A
cello,a9F_Y_LWfsY,cello/a9F_Y_LWfsY,raw_videos/cello/a9F_Y_LWfsY.mp4,processed/cello/a9F_Y_LWfsY
cello,0bvMVCmsOFw,cello/0bvMVCmsOFw,raw_videos/cello/0bvMVCmsOFw.mp4,processed/cello/0bvMVCmsOFw
cello,YYDVNRnRTGw,cello/YYDVNRnRTGw,raw_videos/cello/YYDVNRnRTGw.mp4,processed/cello/YYDVNRnRTGw
cello,62-x2rOyXmE,cello/62-x2rOyXmE,raw_videos/cello/62-x2rOyXmE.mp4,processed/cello/62-x2rOyXmE
cello,g6mdiTk3f3k,cello/g6mdiTk3f3k,raw_videos/cello/g6mdiTk3f3k.mp4,processed/cello/g6mdiTk3f3k
cello,3v8mqKuWPTo,cello/3v8mqKuWPTo,raw_videos/cello/3v8mqKuWPTo.mp4,processed/cello/3v8mqKuWPTo
cello,cmWBAvydZ6A,cello/cmWBAvydZ6A,raw_videos/cello/cmWBAvydZ6A.mp4,processed/cello/cmWBAvydZ6A
cello,WUTBHW9DSZE,cello/WUTBHW9DSZE,raw_videos/cello/WUTBHW9DSZE.mp4,processed/cello/WUTBHW9DSZE
cello,dgT4vdnJq7U,cello/dgT4vdnJq7U,raw_videos/cello/dgT4vdnJq7U.mp4,processed/cello/dgT4vdnJq7U
cello,oSWuI7sByXY,cello/oSWuI7sByXY,raw_videos/cello/oSWuI7sByXY.mp4,processed/cello/oSWuI7sByXY
cello,HUkEHAzEE9Y,cello/HUkEHAzEE9Y,raw_videos/cello/HUkEHAzEE9Y.mp4,processed/cello/HUkEHAzEE9Y
cello,vfM14lhchRs,cello/vfM14lhchRs,raw_videos/cello/vfM14lhchRs.mp4,processed/cello/vfM14lhchRs
cello,l-hGlDIdhn0,cello/l-hGlDIdhn0,raw_videos/cello/l-hGlDIdhn0.mp4,processed/cello/l-hGlDIdhn0
cello,RM5raULrV4A,cello/RM5raULrV4A,raw_videos/cello/RM5raULrV4A.mp4,processed/cello/RM5raULrV4A
cello,dWZ8jH0GX0Y,cello/dWZ8jH0GX0Y,raw_videos/cello/dWZ8jH0GX0Y.mp4,processed/cello/dWZ8jH0GX0Y
cello,Y4RO6PprpbM,cello/Y4RO6PprpbM,raw_videos/cello/Y4RO6PprpbM.mp4,processed/cello/Y4RO6PprpbM
cello,7NMgZ3AnBLk,cello/7NMgZ3AnBLk,raw_videos/cello/7NMgZ3AnBLk.mp4,processed/cello/7NMgZ3AnBLk
cello,gkBaUPXwR6o,cello/gkBaUPXwR6o,raw_videos/cello/gkBaUPXwR6o.mp4,processed/cello/gkBaUPXwR6o
cello,NOl813y8I8c,cello/NOl813y8I8c,raw_videos/cello/NOl813y8I8c.mp4,processed/cello/NOl813y8I8c
cello,qU5dAgTGD9I,cello/qU5dAgTGD9I,raw_videos/cello/qU5dAgTGD9I.mp4,processed/cello/qU5dAgTGD9I
cello,RL9Jh3J1K6Q,cello/RL9Jh3J1K6Q,raw_videos/cello/RL9Jh3J1K6Q.mp4,processed/cello/RL9Jh3J1K6Q
cello,GOqp1Q2gxZQ,cello/GOqp1Q2gxZQ,raw_videos/cello/GOqp1Q2gxZQ.mp4,processed/cello/GOqp1Q2gxZQ
cello,ipt5Q0DWEk4,cello/ipt5Q0DWEk4,raw_videos/cello/ipt5Q0DWEk4.mp4,processed/cello/ipt5Q0DWEk4
cello,Z7Nm2SDE_fQ,cello/Z7Nm2SDE_fQ,raw_videos/cello/Z7Nm2SDE_fQ.mp4,processed/cello/Z7Nm2SDE_fQ
cello,WWcXqoTfSmg,cello/WWcXqoTfSmg,raw_videos/cello/WWcXqoTfSmg.mp4,processed/cello/WWcXqoTfSmg
cello,ItErTeyaVNw,cello/ItErTeyaVNw,raw_videos/cello/ItErTeyaVNw.mp4,processed/cello/ItErTeyaVNw
cello,shmGEFtHLcI,cello/shmGEFtHLcI,raw_videos/cello/shmGEFtHLcI.mp4,processed/cello/shmGEFtHLcI
cello,GezjkC80V3Y,cello/GezjkC80V3Y,raw_videos/cello/GezjkC80V3Y.mp4,processed/cello/GezjkC80V3Y
cello,CJMOPvsinJE,cello/CJMOPvsinJE,raw_videos/cello/CJMOPvsinJE.mp4,processed/cello/CJMOPvsinJE
cello,T0JhROsyPB8,cello/T0JhROsyPB8,raw_videos/cello/T0JhROsyPB8.mp4,processed/cello/T0JhROsyPB8
cello,8h9x-xJ5e6Q,cello/8h9x-xJ5e6Q,raw_videos/cello/8h9x-xJ5e6Q.mp4,processed/cello/8h9x-xJ5e6Q
cello,Yi_6vJvHkoQ,cello/Yi_6vJvHkoQ,raw_videos/cello/Yi_6vJvHkoQ.mp4,processed/cello/Yi_6vJvHkoQ
cello,VDlBgZODYak,cello/VDlBgZODYak,raw_videos/cello/VDlBgZODYak.mp4,processed/cello/VDlBgZODYak
cello,OZqA-JYdGGo,cello/OZqA-JYdGGo,raw_videos/cello/OZqA-JYdGGo.mp4,processed/cello/OZqA-JYdGGo
cello,N3WgmV7h8y8,cello/N3WgmV7h8y8,raw_videos/cello/N3WgmV7h8y8.mp4,processed/cello/N3WgmV7h8y8
cello,pnu3ZX90Jh4,cello/pnu3ZX90Jh4,raw_videos/cello/pnu3ZX90Jh4.mp4,processed/cello/pnu3ZX90Jh4
cello,xiHbU-oMff0,cello/xiHbU-oMff0,raw_videos/cello/xiHbU-oMff0.mp4,processed/cello/xiHbU-oMff0
cello,tCMJkWujFIM,cello/tCMJkWujFIM,raw_videos/cello/tCMJkWujFIM.mp4,processed/cello/tCMJkWujFIM
cello,I8IKPgowqm0,cello/I8IKPgowqm0,raw_videos/cello/I8IKPgowqm0.mp4,processed/cello/I8IKPgowqm0
cello,VZ63_kIgDW0,cello/VZ63_kIgDW0,raw_videos/cello/VZ63_kIgDW0.mp4,processed/cello/VZ63_kIgDW0
cello,WBJL0l5f8Co,cello/WBJL0l5f8Co,raw_videos/cello/WBJL0l5f8Co.mp4,processed/cello/WBJL0l5f8Co
cello,xRusewpakj8,cello/xRusewpakj8,raw_videos/cello/xRusewpakj8.mp4,processed/cello/xRusewpakj8
cello,8iiwYNhc568,cello/8iiwYNhc568,raw_videos/cello/8iiwYNhc568.mp4,processed/cello/8iiwYNhc568
cello,NEMB9T_ZAi0,cello/NEMB9T_ZAi0,raw_videos/cello/NEMB9T_ZAi0.mp4,processed/cello/NEMB9T_ZAi0
cello,TnKxvh4z6Ao,cello/TnKxvh4z6Ao,raw_videos/cello/TnKxvh4z6Ao.mp4,processed/cello/TnKxvh4z6Ao
cello,3H_kwWIRpuU,cello/3H_kwWIRpuU,raw_videos/cello/3H_kwWIRpuU.mp4,processed/cello/3H_kwWIRpuU
cello,W4uB6Imtug4,cello/W4uB6Imtug4,raw_videos/cello/W4uB6Imtug4.mp4,processed/cello/W4uB6Imtug4
cello,Y4vZ26XujZM,cello/Y4vZ26XujZM,raw_videos/cello/Y4vZ26XujZM.mp4,processed/cello/Y4vZ26XujZM
cello,qJ92-1qw_LY,cello/qJ92-1qw_LY,raw_videos/cello/qJ92-1qw_LY.mp4,processed/cello/qJ92-1qw_LY
flute,jW_AuF6dQYY,flute/jW_AuF6dQYY,raw_videos/flute/jW_AuF6dQYY.mp4,processed/flute/jW_AuF6dQYY
flute,3wPouBFa9U0,flute/3wPouBFa9U0,raw_videos/flute/3wPouBFa9U0.mp4,processed/flute/3wPouBFa9U0
flute,eHbxLcoLWYY,flute/eHbxLcoLWYY,raw_videos/flute/eHbxLcoLWYY.mp4,processed/flute/eHbxLcoLWYY
flute,cTO_2R81fdY,flute/cTO_2R81fdY,raw_videos/flute/cTO_2R81fdY.mp4,processed/flute/cTO_2R81fdY
flute,yaWxyD4zFKE,flute/yaWxyD4zFKE,raw_videos/flute/yaWxyD4zFKE.mp4,processed/flute/yaWxyD4zFKE
flute,QAiwlq3aP2U,flute/QAiwlq3aP2U,raw_videos/flute/QAiwlq3aP2U.mp4,processed/flute/QAiwlq3aP2U
flute,hYepU4PQFAo,flute/hYepU4PQFAo,raw_videos/flute/hYepU4PQFAo.mp4,processed/flute/hYepU4PQFAo
flute,cyUUlWSEujk,flute/cyUUlWSEujk,raw_videos/flute/cyUUlWSEujk.mp4,processed/flute/cyUUlWSEujk
flute,f1a-JF06840,flute/f1a-JF06840,raw_videos/flute/f1a-JF06840.mp4,processed/flute/f1a-JF06840
flute,YR6kjiPyNHU,flute/YR6kjiPyNHU,raw_videos/flute/YR6kjiPyNHU.mp4,processed/flute/YR6kjiPyNHU
flute,wEzEcfz1QS0,flute/wEzEcfz1QS0,raw_videos/flute/wEzEcfz1QS0.mp4,processed/flute/wEzEcfz1QS0
flute,1fhZ3iBeK2g,flute/1fhZ3iBeK2g,raw_videos/flute/1fhZ3iBeK2g.mp4,processed/flute/1fhZ3iBeK2g
flute,B0xFpw9qvD4,flute/B0xFpw9qvD4,raw_videos/flute/B0xFpw9qvD4.mp4,processed/flute/B0xFpw9qvD4
flute,UD2SYltnnlY,flute/UD2SYltnnlY,raw_videos/flute/UD2SYltnnlY.mp4,processed/flute/UD2SYltnnlY
flute,7Zudy1bw7bw,flute/7Zudy1bw7bw,raw_videos/flute/7Zudy1bw7bw.mp4,processed/flute/7Zudy1bw7bw
flute,D5gWhSH7jRU,flute/D5gWhSH7jRU,raw_videos/flute/D5gWhSH7jRU.mp4,processed/flute/D5gWhSH7jRU
flute,tAuYNf2hqHU,flute/tAuYNf2hqHU,raw_videos/flute/tAuYNf2hqHU.mp4,processed/flute/tAuYNf2hqHU
flute,9L4BvIDqhm8,flute/9L4BvIDqhm8,raw_videos/flute/9L4BvIDqhm8.mp4,processed/flute/9L4BvIDqhm8
flute,BO7_8o4QSr4,flute/BO7_8o4QSr4,raw_videos/flute/BO7_8o4QSr4.mp4,processed/flute/BO7_8o4QSr4
flute,XlPvAkLT3Yw,flute/XlPvAkLT3Yw,raw_videos/flute/XlPvAkLT3Yw.mp4,processed/flute/XlPvAkLT3Yw
flute,WNeHlya4VnQ,flute/WNeHlya4VnQ,raw_videos/flute/WNeHlya4VnQ.mp4,processed/flute/WNeHlya4VnQ
flute,3-zT9mN8Lio,flute/3-zT9mN8Lio,raw_videos/flute/3-zT9mN8Lio.mp4,processed/flute/3-zT9mN8Lio
flute,MvPqp3oZwOk,flute/MvPqp3oZwOk,raw_videos/flute/MvPqp3oZwOk.mp4,processed/flute/MvPqp3oZwOk
flute,8TfadG55yWk,flute/8TfadG55yWk,raw_videos/flute/8TfadG55yWk.mp4,processed/flute/8TfadG55yWk
flute,qb-ttddKLYo,flute/qb-ttddKLYo,raw_videos/flute/qb-ttddKLYo.mp4,processed/flute/qb-ttddKLYo
flute,j0U_hqIH_XM,flute/j0U_hqIH_XM,raw_videos/flute/j0U_hqIH_XM.mp4,processed/flute/j0U_hqIH_XM
flute,tfcNUo8qjrA,flute/tfcNUo8qjrA,raw_videos/flute/tfcNUo8qjrA.mp4,processed/flute/tfcNUo8qjrA
flute,d5IO46KfjR4,flute/d5IO46KfjR4,raw_videos/flute/d5IO46KfjR4.mp4,processed/flute/d5IO46KfjR4
flute,X8rR0SV_BhU,flute/X8rR0SV_BhU,raw_videos/flute/X8rR0SV_BhU.mp4,processed/flute/X8rR0SV_BhU
flute,E7E1kMExVcg,flute/E7E1kMExVcg,raw_videos/flute/E7E1kMExVcg.mp4,processed/flute/E7E1kMExVcg
flute,LKVxvHeb8hs,flute/LKVxvHeb8hs,raw_videos/flute/LKVxvHeb8hs.mp4,processed/flute/LKVxvHeb8hs
flute,GouIcBwgP_U,flute/GouIcBwgP_U,raw_videos/flute/GouIcBwgP_U.mp4,processed/flute/GouIcBwgP_U
flute,ypa0L0Rq5QI,flute/ypa0L0Rq5QI,raw_videos/flute/ypa0L0Rq5QI.mp4,processed/flute/ypa0L0Rq5QI
flute,SMp2-xo1lZE,flute/SMp2-xo1lZE,raw_videos/flute/SMp2-xo1lZE.mp4,processed/flute/SMp2-xo1lZE
flute,BhXj3rVWGZ0,flute/BhXj3rVWGZ0,raw_videos/flute/BhXj3rVWGZ0.mp4,processed/flute/BhXj3rVWGZ0
flute,cZoWhKTZTYY,flute/cZoWhKTZTYY,raw_videos/flute/cZoWhKTZTYY.mp4,processed/flute/cZoWhKTZTYY
flute,azUffG1Ao8U,flute/azUffG1Ao8U,raw_videos/flute/azUffG1Ao8U.mp4,processed/flute/azUffG1Ao8U
flute,SAN5JBTnlas,flute/SAN5JBTnlas,raw_videos/flute/SAN5JBTnlas.mp4,processed/flute/SAN5JBTnlas
flute,uJnD0NCyJoc,flute/uJnD0NCyJoc,raw_videos/flute/uJnD0NCyJoc.mp4,processed/flute/uJnD0NCyJoc
flute,3q104tR3k2Q,flute/3q104tR3k2Q,raw_videos/flute/3q104tR3k2Q.mp4,processed/flute/3q104tR3k2Q
flute,oEb2mlij38w,flute/oEb2mlij38w,raw_videos/flute/oEb2mlij38w.mp4,processed/flute/oEb2mlij38w
flute,Wt40rzyGSBs,flute/Wt40rzyGSBs,raw_videos/flute/Wt40rzyGSBs.mp4,processed/flute/Wt40rzyGSBs
flute,8o5ngxZaYYw,flute/8o5ngxZaYYw,raw_videos/flute/8o5ngxZaYYw.mp4,processed/flute/8o5ngxZaYYw
flute,unRA0xR-XWc,flute/unRA0xR-XWc,raw_videos/flute/unRA0xR-XWc.mp4,processed/flute/unRA0xR-XWc
flute,KgebjbW1mGk,flute/KgebjbW1mGk,raw_videos/flute/KgebjbW1mGk.mp4,processed/flute/KgebjbW1mGk
flute,UZK_2bTuzrI,flute/UZK_2bTuzrI,raw_videos/flute/UZK_2bTuzrI.mp4,processed/flute/UZK_2bTuzrI
flute,kbTy_5o6AB4,flute/kbTy_5o6AB4,raw_videos/flute/kbTy_5o6AB4.mp4,processed/flute/kbTy_5o6AB4
flute,sybsjsj1zPo,flute/sybsjsj1zPo,raw_videos/flute/sybsjsj1zPo.mp4,processed/flute/sybsjsj1zPo
flute,RpRJhhHI0E8,flute/RpRJhhHI0E8,raw_videos/flute/RpRJhhHI0E8.mp4,processed/flute/RpRJhhHI0E8
flute,tar_TGXQ59g,flute/tar_TGXQ59g,raw_videos/flute/tar_TGXQ59g.mp4,processed/flute/tar_TGXQ59g
flute,zg0Q1KUM3so,flute/zg0Q1KUM3so,raw_videos/flute/zg0Q1KUM3so.mp4,processed/flute/zg0Q1KUM3so
flute,tdfx-koH_kc,flute/tdfx-koH_kc,raw_videos/flute/tdfx-koH_kc.mp4,processed/flute/tdfx-koH_kc
flute,FBbaE4ytj8E,flute/FBbaE4ytj8E,raw_videos/flute/FBbaE4ytj8E.mp4,processed/flute/FBbaE4ytj8E
flute,d_jam1eoZxE,flute/d_jam1eoZxE,raw_videos/flute/d_jam1eoZxE.mp4,processed/flute/d_jam1eoZxE
flute,9W1ELyaxl60,flute/9W1ELyaxl60,raw_videos/flute/9W1ELyaxl60.mp4,processed/flute/9W1ELyaxl60
flute,X0T6KysSejQ,flute/X0T6KysSejQ,raw_videos/flute/X0T6KysSejQ.mp4,processed/flute/X0T6KysSejQ
flute,ynjJAMWihmY,flute/ynjJAMWihmY,raw_videos/flute/ynjJAMWihmY.mp4,processed/flute/ynjJAMWihmY
flute,TKc3gGKfn-o,flute/TKc3gGKfn-o,raw_videos/flute/TKc3gGKfn-o.mp4,processed/flute/TKc3gGKfn-o
flute,AUZk28V2iuE,flute/AUZk28V2iuE,raw_videos/flute/AUZk28V2iuE.mp4,processed/flute/AUZk28V2iuE
flute,kQFQWpukjww,flute/kQFQWpukjww,raw_videos/flute/kQFQWpukjww.mp4,processed/flute/kQFQWpukjww
flute,FyY19DMH6nw,flute/FyY19DMH6nw,raw_videos/flute/FyY19DMH6nw.mp4,processed/flute/FyY19DMH6nw
flute,vGh8E1-QhVc,flute/vGh8E1-QhVc,raw_videos/flute/vGh8E1-QhVc.mp4,processed/flute/vGh8E1-QhVc
flute,4uMCPTeiXgc,flute/4uMCPTeiXgc,raw_videos/flute/4uMCPTeiXgc.mp4,processed/flute/4uMCPTeiXgc
flute,2Eiczo3QtLk,flute/2Eiczo3QtLk,raw_videos/flute/2Eiczo3QtLk.mp4,processed/flute/2Eiczo3QtLk
flute,aPhUz07X3eo,flute/aPhUz07X3eo,raw_videos/flute/aPhUz07X3eo.mp4,processed/flute/aPhUz07X3eo
flute,CiXPco3Dbhc,flute/CiXPco3Dbhc,raw_videos/flute/CiXPco3Dbhc.mp4,processed/flute/CiXPco3Dbhc
flute,30JDtIy40A4,flute/30JDtIy40A4,raw_videos/flute/30JDtIy40A4.mp4,processed/flute/30JDtIy40A4
flute,WKBAYgduCbg,flute/WKBAYgduCbg,raw_videos/flute/WKBAYgduCbg.mp4,processed/flute/WKBAYgduCbg
flute,Vr6so8VMfgw,flute/Vr6so8VMfgw,raw_videos/flute/Vr6so8VMfgw.mp4,processed/flute/Vr6so8VMfgw
flute,X2JpqzvHWls,flute/X2JpqzvHWls,raw_videos/flute/X2JpqzvHWls.mp4,processed/flute/X2JpqzvHWls
flute,l6isPjAsmG8,flute/l6isPjAsmG8,raw_videos/flute/l6isPjAsmG8.mp4,processed/flute/l6isPjAsmG8
flute,YJgsEKpHTAw,flute/YJgsEKpHTAw,raw_videos/flute/YJgsEKpHTAw.mp4,processed/flute/YJgsEKpHTAw
flute,VaHhGz86rB0,flute/VaHhGz86rB0,raw_videos/flute/VaHhGz86rB0.mp4,processed/flute/VaHhGz86rB0
flute,jC_ShqFGeFM,flute/jC_ShqFGeFM,raw_videos/flute/jC_ShqFGeFM.mp4,processed/flute/jC_ShqFGeFM
flute,wfiAV2T5lbc,flute/wfiAV2T5lbc,raw_videos/flute/wfiAV2T5lbc.mp4,processed/flute/wfiAV2T5lbc
flute,7T-_6kocIeE,flute/7T-_6kocIeE,raw_videos/flute/7T-_6kocIeE.mp4,processed/flute/7T-_6kocIeE
flute,rf8ANjqx1no,flute/rf8ANjqx1no,raw_videos/flute/rf8ANjqx1no.mp4,processed/flute/rf8ANjqx1no
flute,wnTnSsnjkFc,flute/wnTnSsnjkFc,raw_videos/flute/wnTnSsnjkFc.mp4,processed/flute/wnTnSsnjkFc
flute,ALunK8vaDWE,flute/ALunK8vaDWE,raw_videos/flute/ALunK8vaDWE.mp4,processed/flute/ALunK8vaDWE
flute,1R7T4uclsLE,flute/1R7T4uclsLE,raw_videos/flute/1R7T4uclsLE.mp4,processed/flute/1R7T4uclsLE
flute,-5gvIMBkfZY,flute/-5gvIMBkfZY,raw_videos/flute/-5gvIMBkfZY.mp4,processed/flute/-5gvIMBkfZY
flute,jwcJAV7apjg,flute/jwcJAV7apjg,raw_videos/flute/jwcJAV7apjg.mp4,processed/flute/jwcJAV7apjg
flute,0E84FjESHbg,flute/0E84FjESHbg,raw_videos/flute/0E84FjESHbg.mp4,processed/flute/0E84FjESHbg
flute,Zl0PAJVI3iY,flute/Zl0PAJVI3iY,raw_videos/flute/Zl0PAJVI3iY.mp4,processed/flute/Zl0PAJVI3iY
flute,QF8CAti056U,flute/QF8CAti056U,raw_videos/flute/QF8CAti056U.mp4,processed/flute/QF8CAti056U
flute,t_AL4Gn6V8k,flute/t_AL4Gn6V8k,raw_videos/flute/t_AL4Gn6V8k.mp4,processed/flute/t_AL4Gn6V8k
flute,cJtkvjB0_kU,flute/cJtkvjB0_kU,raw_videos/flute/cJtkvjB0_kU.mp4,processed/flute/cJtkvjB0_kU
flute,4px6PMnSkVk,flute/4px6PMnSkVk,raw_videos/flute/4px6PMnSkVk.mp4,processed/flute/4px6PMnSkVk
flute,ZvE9xtiCUJk,flute/ZvE9xtiCUJk,raw_videos/flute/ZvE9xtiCUJk.mp4,processed/flute/ZvE9xtiCUJk
flute,I4zQwyY2SXc,flute/I4zQwyY2SXc,raw_videos/flute/I4zQwyY2SXc.mp4,processed/flute/I4zQwyY2SXc
flute,525c8xFuBJw,flute/525c8xFuBJw,raw_videos/flute/525c8xFuBJw.mp4,processed/flute/525c8xFuBJw
flute,AWyLKwGeNBQ,flute/AWyLKwGeNBQ,raw_videos/flute/AWyLKwGeNBQ.mp4,processed/flute/AWyLKwGeNBQ
flute,4kJmzcuycrc,flute/4kJmzcuycrc,raw_videos/flute/4kJmzcuycrc.mp4,processed/flute/4kJmzcuycrc
flute,2C9wGB80ArU,flute/2C9wGB80ArU,raw_videos/flute/2C9wGB80ArU.mp4,processed/flute/2C9wGB80ArU
flute,29i6rVNG-gU,flute/29i6rVNG-gU,raw_videos/flute/29i6rVNG-gU.mp4,processed/flute/29i6rVNG-gU
flute,boXQGxiKC0k,flute/boXQGxiKC0k,raw_videos/flute/boXQGxiKC0k.mp4,processed/flute/boXQGxiKC0k
flute,wIDGXmN4zg8,flute/wIDGXmN4zg8,raw_videos/flute/wIDGXmN4zg8.mp4,processed/flute/wIDGXmN4zg8
flute,tfclB-bqrdA,flute/tfclB-bqrdA,raw_videos/flute/tfclB-bqrdA.mp4,processed/flute/tfclB-bqrdA
flute,G6ySYs08T-w,flute/G6ySYs08T-w,raw_videos/flute/G6ySYs08T-w.mp4,processed/flute/G6ySYs08T-w
flute,RsiEFl-c9ac,flute/RsiEFl-c9ac,raw_videos/flute/RsiEFl-c9ac.mp4,processed/flute/RsiEFl-c9ac
flute,94a8CZDP-iQ,flute/94a8CZDP-iQ,raw_videos/flute/94a8CZDP-iQ.mp4,processed/flute/94a8CZDP-iQ
flute,DXe5UQntuSU,flute/DXe5UQntuSU,raw_videos/flute/DXe5UQntuSU.mp4,processed/flute/DXe5UQntuSU
flute,spjqH93LY6M,flute/spjqH93LY6M,raw_videos/flute/spjqH93LY6M.mp4,processed/flute/spjqH93LY6M
flute,W06sbBPNkCM,flute/W06sbBPNkCM,raw_videos/flute/W06sbBPNkCM.mp4,processed/flute/W06sbBPNkCM
flute,ifS16NIoKiY,flute/ifS16NIoKiY,raw_videos/flute/ifS16NIoKiY.mp4,processed/flute/ifS16NIoKiY
flute,gtxmhwv3TSc,flute/gtxmhwv3TSc,raw_videos/flute/gtxmhwv3TSc.mp4,processed/flute/gtxmhwv3TSc
flute,JVleAGppUQ8,flute/JVleAGppUQ8,raw_videos/flute/JVleAGppUQ8.mp4,processed/flute/JVleAGppUQ8
flute,LGKDfsZ9idw,flute/LGKDfsZ9idw,raw_videos/flute/LGKDfsZ9idw.mp4,processed/flute/LGKDfsZ9idw
flute,mzhKWqRluZQ,flute/mzhKWqRluZQ,raw_videos/flute/mzhKWqRluZQ.mp4,processed/flute/mzhKWqRluZQ
flute,c7pPLDO36zc,flute/c7pPLDO36zc,raw_videos/flute/c7pPLDO36zc.mp4,processed/flute/c7pPLDO36zc
flute,05kxYRJv4rM,flute/05kxYRJv4rM,raw_videos/flute/05kxYRJv4rM.mp4,processed/flute/05kxYRJv4rM
flute,rAgzc-Eqn-8,flute/rAgzc-Eqn-8,raw_videos/flute/rAgzc-Eqn-8.mp4,processed/flute/rAgzc-Eqn-8
flute,DeGsT7rcr98,flute/DeGsT7rcr98,raw_videos/flute/DeGsT7rcr98.mp4,processed/flute/DeGsT7rcr98
flute,qMUnDskfFU4,flute/qMUnDskfFU4,raw_videos/flute/qMUnDskfFU4.mp4,processed/flute/qMUnDskfFU4
flute,GXsPuSEYnmM,flute/GXsPuSEYnmM,raw_videos/flute/GXsPuSEYnmM.mp4,processed/flute/GXsPuSEYnmM
flute,qV0vmmUGVek,flute/qV0vmmUGVek,raw_videos/flute/qV0vmmUGVek.mp4,processed/flute/qV0vmmUGVek
flute,JuGn9nFfc8Y,flute/JuGn9nFfc8Y,raw_videos/flute/JuGn9nFfc8Y.mp4,processed/flute/JuGn9nFfc8Y
flute,Pi4KESS5D58,flute/Pi4KESS5D58,raw_videos/flute/Pi4KESS5D58.mp4,processed/flute/Pi4KESS5D58
flute,-8KureAkVp8,flute/-8KureAkVp8,raw_videos/flute/-8KureAkVp8.mp4,processed/flute/-8KureAkVp8
flute,Nj3GqYUe9tE,flute/Nj3GqYUe9tE,raw_videos/flute/Nj3GqYUe9tE.mp4,processed/flute/Nj3GqYUe9tE
flute,apCKny0icVc,flute/apCKny0icVc,raw_videos/flute/apCKny0icVc.mp4,processed/flute/apCKny0icVc
flute,diecxZxpgbA,flute/diecxZxpgbA,raw_videos/flute/diecxZxpgbA.mp4,processed/flute/diecxZxpgbA
flute,ChyosjgbbXc,flute/ChyosjgbbXc,raw_videos/flute/ChyosjgbbXc.mp4,processed/flute/ChyosjgbbXc
flute,9qzw3Yfbpk8,flute/9qzw3Yfbpk8,raw_videos/flute/9qzw3Yfbpk8.mp4,processed/flute/9qzw3Yfbpk8
flute,K8ru59UXvJE,flute/K8ru59UXvJE,raw_videos/flute/K8ru59UXvJE.mp4,processed/flute/K8ru59UXvJE
flute,5U3Cwvaayfo,flute/5U3Cwvaayfo,raw_videos/flute/5U3Cwvaayfo.mp4,processed/flute/5U3Cwvaayfo
flute,aGXm9SGCVT8,flute/aGXm9SGCVT8,raw_videos/flute/aGXm9SGCVT8.mp4,processed/flute/aGXm9SGCVT8
flute,ajDaIBE7Z4w,flute/ajDaIBE7Z4w,raw_videos/flute/ajDaIBE7Z4w.mp4,processed/flute/ajDaIBE7Z4w
flute,5Q_PHohPnZQ,flute/5Q_PHohPnZQ,raw_videos/flute/5Q_PHohPnZQ.mp4,processed/flute/5Q_PHohPnZQ
flute,BVxrg6Y_A7M,flute/BVxrg6Y_A7M,raw_videos/flute/BVxrg6Y_A7M.mp4,processed/flute/BVxrg6Y_A7M
flute,jXN7Jgjt9Tw,flute/jXN7Jgjt9Tw,raw_videos/flute/jXN7Jgjt9Tw.mp4,processed/flute/jXN7Jgjt9Tw
flute,iDpveE0CEVw,flute/iDpveE0CEVw,raw_videos/flute/iDpveE0CEVw.mp4,processed/flute/iDpveE0CEVw
flute,AAwJ_N-dZpE,flute/AAwJ_N-dZpE,raw_videos/flute/AAwJ_N-dZpE.mp4,processed/flute/AAwJ_N-dZpE
flute,ISpitVrDBe8,flute/ISpitVrDBe8,raw_videos/flute/ISpitVrDBe8.mp4,processed/flute/ISpitVrDBe8
flute,P93o202UJRs,flute/P93o202UJRs,raw_videos/flute/P93o202UJRs.mp4,processed/flute/P93o202UJRs
flute,vp6YYhh1j2g,flute/vp6YYhh1j2g,raw_videos/flute/vp6YYhh1j2g.mp4,processed/flute/vp6YYhh1j2g
flute,mmRNoELYhZA,flute/mmRNoELYhZA,raw_videos/flute/mmRNoELYhZA.mp4,processed/flute/mmRNoELYhZA
flute,N_OdfkSmOaw,flute/N_OdfkSmOaw,raw_videos/flute/N_OdfkSmOaw.mp4,processed/flute/N_OdfkSmOaw
flute,JE8mTJxUo_0,flute/JE8mTJxUo_0,raw_videos/flute/JE8mTJxUo_0.mp4,processed/flute/JE8mTJxUo_0
flute,TM0a-6OXwkc,flute/TM0a-6OXwkc,raw_videos/flute/TM0a-6OXwkc.mp4,processed/flute/TM0a-6OXwkc
flute,wWH9K1eaOB8,flute/wWH9K1eaOB8,raw_videos/flute/wWH9K1eaOB8.mp4,processed/flute/wWH9K1eaOB8
flute,7JU_jJHvcX0,flute/7JU_jJHvcX0,raw_videos/flute/7JU_jJHvcX0.mp4,processed/flute/7JU_jJHvcX0
flute,DfmfdXkl6yU,flute/DfmfdXkl6yU,raw_videos/flute/DfmfdXkl6yU.mp4,processed/flute/DfmfdXkl6yU
flute,FTFei5AvPCs,flute/FTFei5AvPCs,raw_videos/flute/FTFei5AvPCs.mp4,processed/flute/FTFei5AvPCs
flute,NBKBgH18554,flute/NBKBgH18554,raw_videos/flute/NBKBgH18554.mp4,processed/flute/NBKBgH18554
flute,ycP1xZJadl8,flute/ycP1xZJadl8,raw_videos/flute/ycP1xZJadl8.mp4,processed/flute/ycP1xZJadl8
flute,1cG_InZVlHo,flute/1cG_InZVlHo,raw_videos/flute/1cG_InZVlHo.mp4,processed/flute/1cG_InZVlHo
flute,6uo1ZJkeAzs,flute/6uo1ZJkeAzs,raw_videos/flute/6uo1ZJkeAzs.mp4,processed/flute/6uo1ZJkeAzs
flute,0szvfcOaINc,flute/0szvfcOaINc,raw_videos/flute/0szvfcOaINc.mp4,processed/flute/0szvfcOaINc
flute,wqtBiUlqyxQ,flute/wqtBiUlqyxQ,raw_videos/flute/wqtBiUlqyxQ.mp4,processed/flute/wqtBiUlqyxQ
flute,DQN5lCXzp6c,flute/DQN5lCXzp6c,raw_videos/flute/DQN5lCXzp6c.mp4,processed/flute/DQN5lCXzp6c
flute,oqlz5yuhMzY,flute/oqlz5yuhMzY,raw_videos/flute/oqlz5yuhMzY.mp4,processed/flute/oqlz5yuhMzY
flute,y_DyvjBIZhY,flute/y_DyvjBIZhY,raw_videos/flute/y_DyvjBIZhY.mp4,processed/flute/y_DyvjBIZhY
flute,kddKYLf3asc,flute/kddKYLf3asc,raw_videos/flute/kddKYLf3asc.mp4,processed/flute/kddKYLf3asc
flute,16wZ7QGtm5E,flute/16wZ7QGtm5E,raw_videos/flute/16wZ7QGtm5E.mp4,processed/flute/16wZ7QGtm5E
flute,ttWnR60gzys,flute/ttWnR60gzys,raw_videos/flute/ttWnR60gzys.mp4,processed/flute/ttWnR60gzys
saxophone,geK-gOMgm20,saxophone/geK-gOMgm20,raw_videos/saxophone/geK-gOMgm20.mp4,processed/saxophone/geK-gOMgm20
saxophone,lm51ySOO71o,saxophone/lm51ySOO71o,raw_videos/saxophone/lm51ySOO71o.mp4,processed/saxophone/lm51ySOO71o
saxophone,9XoXQXCVUQY,saxophone/9XoXQXCVUQY,raw_videos/saxophone/9XoXQXCVUQY.mp4,processed/saxophone/9XoXQXCVUQY
saxophone,5_NsbkyLO2Q,saxophone/5_NsbkyLO2Q,raw_videos/saxophone/5_NsbkyLO2Q.mp4,processed/saxophone/5_NsbkyLO2Q
saxophone,TSEWnnKagqQ,saxophone/TSEWnnKagqQ,raw_videos/saxophone/TSEWnnKagqQ.mp4,processed/saxophone/TSEWnnKagqQ
saxophone,OxA5Z_5-w0E,saxophone/OxA5Z_5-w0E,raw_videos/saxophone/OxA5Z_5-w0E.mp4,processed/saxophone/OxA5Z_5-w0E
saxophone,OufpA4FV1Tc,saxophone/OufpA4FV1Tc,raw_videos/saxophone/OufpA4FV1Tc.mp4,processed/saxophone/OufpA4FV1Tc
saxophone,FR_1gEaBeeE,saxophone/FR_1gEaBeeE,raw_videos/saxophone/FR_1gEaBeeE.mp4,processed/saxophone/FR_1gEaBeeE
saxophone,Ya6eKoSr024,saxophone/Ya6eKoSr024,raw_videos/saxophone/Ya6eKoSr024.mp4,processed/saxophone/Ya6eKoSr024
saxophone,P5pxcBdxa4E,saxophone/P5pxcBdxa4E,raw_videos/saxophone/P5pxcBdxa4E.mp4,processed/saxophone/P5pxcBdxa4E
saxophone,tGG2P7mjuqQ,saxophone/tGG2P7mjuqQ,raw_videos/saxophone/tGG2P7mjuqQ.mp4,processed/saxophone/tGG2P7mjuqQ
saxophone,e73x3LGeb_Q,saxophone/e73x3LGeb_Q,raw_videos/saxophone/e73x3LGeb_Q.mp4,processed/saxophone/e73x3LGeb_Q
saxophone,xyi0Ft3sb0U,saxophone/xyi0Ft3sb0U,raw_videos/saxophone/xyi0Ft3sb0U.mp4,processed/saxophone/xyi0Ft3sb0U
saxophone,NLGte2YC6Oc,saxophone/NLGte2YC6Oc,raw_videos/saxophone/NLGte2YC6Oc.mp4,processed/saxophone/NLGte2YC6Oc
saxophone,uPkGEtn5jxE,saxophone/uPkGEtn5jxE,raw_videos/saxophone/uPkGEtn5jxE.mp4,processed/saxophone/uPkGEtn5jxE
saxophone,e5YNEk9Ye-o,saxophone/e5YNEk9Ye-o,raw_videos/saxophone/e5YNEk9Ye-o.mp4,processed/saxophone/e5YNEk9Ye-o
saxophone,lDCeAgGUwyc,saxophone/lDCeAgGUwyc,raw_videos/saxophone/lDCeAgGUwyc.mp4,processed/saxophone/lDCeAgGUwyc
saxophone,QOYMhOXfGMw,saxophone/QOYMhOXfGMw,raw_videos/saxophone/QOYMhOXfGMw.mp4,processed/saxophone/QOYMhOXfGMw
saxophone,LqyX7bRrMTw,saxophone/LqyX7bRrMTw,raw_videos/saxophone/LqyX7bRrMTw.mp4,processed/saxophone/LqyX7bRrMTw
saxophone,EIpvnh0otts,saxophone/EIpvnh0otts,raw_videos/saxophone/EIpvnh0otts.mp4,processed/saxophone/EIpvnh0otts
saxophone,iEOdwzdXmfE,saxophone/iEOdwzdXmfE,raw_videos/saxophone/iEOdwzdXmfE.mp4,processed/saxophone/iEOdwzdXmfE
saxophone,8U4tYnLtuzk,saxophone/8U4tYnLtuzk,raw_videos/saxophone/8U4tYnLtuzk.mp4,processed/saxophone/8U4tYnLtuzk
saxophone,fH4pDr8CqI8,saxophone/fH4pDr8CqI8,raw_videos/saxophone/fH4pDr8CqI8.mp4,processed/saxophone/fH4pDr8CqI8
saxophone,x5Bzb6R73JQ,saxophone/x5Bzb6R73JQ,raw_videos/saxophone/x5Bzb6R73JQ.mp4,processed/saxophone/x5Bzb6R73JQ
saxophone,R700Q9DEUEk,saxophone/R700Q9DEUEk,raw_videos/saxophone/R700Q9DEUEk.mp4,processed/saxophone/R700Q9DEUEk
saxophone,ACzyvWyrCnI,saxophone/ACzyvWyrCnI,raw_videos/saxophone/ACzyvWyrCnI.mp4,processed/saxophone/ACzyvWyrCnI
saxophone,1x2FeAk-0xI,saxophone/1x2FeAk-0xI,raw_videos/saxophone/1x2FeAk-0xI.mp4,processed/saxophone/1x2FeAk-0xI
saxophone,yJO0y7M2niU,saxophone/yJO0y7M2niU,raw_videos/saxophone/yJO0y7M2niU.mp4,processed/saxophone/yJO0y7M2niU
saxophone,VCUYEI49XgI,saxophone/VCUYEI49XgI,raw_videos/saxophone/VCUYEI49XgI.mp4,processed/saxophone/VCUYEI49XgI
saxophone,77OHAqrL2tA,saxophone/77OHAqrL2tA,raw_videos/saxophone/77OHAqrL2tA.mp4,processed/saxophone/77OHAqrL2tA
saxophone,dsV-QXGEsjo,saxophone/dsV-QXGEsjo,raw_videos/saxophone/dsV-QXGEsjo.mp4,processed/saxophone/dsV-QXGEsjo
saxophone,YS8V2wcd2J0,saxophone/YS8V2wcd2J0,raw_videos/saxophone/YS8V2wcd2J0.mp4,processed/saxophone/YS8V2wcd2J0
saxophone,fC6CM3JTpVM,saxophone/fC6CM3JTpVM,raw_videos/saxophone/fC6CM3JTpVM.mp4,processed/saxophone/fC6CM3JTpVM
saxophone,ui7CjzPFxvc,saxophone/ui7CjzPFxvc,raw_videos/saxophone/ui7CjzPFxvc.mp4,processed/saxophone/ui7CjzPFxvc
saxophone,NLe-KjYCtIA,saxophone/NLe-KjYCtIA,raw_videos/saxophone/NLe-KjYCtIA.mp4,processed/saxophone/NLe-KjYCtIA
saxophone,EeXlWbEy-To,saxophone/EeXlWbEy-To,raw_videos/saxophone/EeXlWbEy-To.mp4,processed/saxophone/EeXlWbEy-To
saxophone,azcd2EN5eK0,saxophone/azcd2EN5eK0,raw_videos/saxophone/azcd2EN5eK0.mp4,processed/saxophone/azcd2EN5eK0
saxophone,nuOggZQxRPE,saxophone/nuOggZQxRPE,raw_videos/saxophone/nuOggZQxRPE.mp4,processed/saxophone/nuOggZQxRPE
saxophone,-jA1g9Z_TuY,saxophone/-jA1g9Z_TuY,raw_videos/saxophone/-jA1g9Z_TuY.mp4,processed/saxophone/-jA1g9Z_TuY
saxophone,y64SQKecqX4,saxophone/y64SQKecqX4,raw_videos/saxophone/y64SQKecqX4.mp4,processed/saxophone/y64SQKecqX4
saxophone,CXFYi7iozF8,saxophone/CXFYi7iozF8,raw_videos/saxophone/CXFYi7iozF8.mp4,processed/saxophone/CXFYi7iozF8
saxophone,QtbPpB1xzBw,saxophone/QtbPpB1xzBw,raw_videos/saxophone/QtbPpB1xzBw.mp4,processed/saxophone/QtbPpB1xzBw
saxophone,EuHyy73Jc5U,saxophone/EuHyy73Jc5U,raw_videos/saxophone/EuHyy73Jc5U.mp4,processed/saxophone/EuHyy73Jc5U
saxophone,aC8JzVFm7LI,saxophone/aC8JzVFm7LI,raw_videos/saxophone/aC8JzVFm7LI.mp4,processed/saxophone/aC8JzVFm7LI
saxophone,Er0iXGUMBQo,saxophone/Er0iXGUMBQo,raw_videos/saxophone/Er0iXGUMBQo.mp4,processed/saxophone/Er0iXGUMBQo
saxophone,YySHxK6-gYc,saxophone/YySHxK6-gYc,raw_videos/saxophone/YySHxK6-gYc.mp4,processed/saxophone/YySHxK6-gYc
saxophone,ZwFDieF3ZFE,saxophone/ZwFDieF3ZFE,raw_videos/saxophone/ZwFDieF3ZFE.mp4,processed/saxophone/ZwFDieF3ZFE
saxophone,BVPn0FLnwN0,saxophone/BVPn0FLnwN0,raw_videos/saxophone/BVPn0FLnwN0.mp4,processed/saxophone/BVPn0FLnwN0
saxophone,hjbe6vig1is,saxophone/hjbe6vig1is,raw_videos/saxophone/hjbe6vig1is.mp4,processed/saxophone/hjbe6vig1is
saxophone,DtF38Dlpduc,saxophone/DtF38Dlpduc,raw_videos/saxophone/DtF38Dlpduc.mp4,processed/saxophone/DtF38Dlpduc
saxophone,Qy_2P-B2a1Q,saxophone/Qy_2P-B2a1Q,raw_videos/saxophone/Qy_2P-B2a1Q.mp4,processed/saxophone/Qy_2P-B2a1Q
saxophone,veMs9X_BRAI,saxophone/veMs9X_BRAI,raw_videos/saxophone/veMs9X_BRAI.mp4,processed/saxophone/veMs9X_BRAI
saxophone,oO3PsyA-pKA,saxophone/oO3PsyA-pKA,raw_videos/saxophone/oO3PsyA-pKA.mp4,processed/saxophone/oO3PsyA-pKA
saxophone,OO8cF808bjE,saxophone/OO8cF808bjE,raw_videos/saxophone/OO8cF808bjE.mp4,processed/saxophone/OO8cF808bjE
saxophone,kkkyuqtjlV0,saxophone/kkkyuqtjlV0,raw_videos/saxophone/kkkyuqtjlV0.mp4,processed/saxophone/kkkyuqtjlV0
saxophone,SzFTlBGkmf0,saxophone/SzFTlBGkmf0,raw_videos/saxophone/SzFTlBGkmf0.mp4,processed/saxophone/SzFTlBGkmf0
saxophone,AQeijb2Edss,saxophone/AQeijb2Edss,raw_videos/saxophone/AQeijb2Edss.mp4,processed/saxophone/AQeijb2Edss
saxophone,SKxrjLSyzf0,saxophone/SKxrjLSyzf0,raw_videos/saxophone/SKxrjLSyzf0.mp4,processed/saxophone/SKxrjLSyzf0
saxophone,hFyK7IWDEkc,saxophone/hFyK7IWDEkc,raw_videos/saxophone/hFyK7IWDEkc.mp4,processed/saxophone/hFyK7IWDEkc
saxophone,hEawXeFgNu0,saxophone/hEawXeFgNu0,raw_videos/saxophone/hEawXeFgNu0.mp4,processed/saxophone/hEawXeFgNu0
saxophone,2lXauQeeMSY,saxophone/2lXauQeeMSY,raw_videos/saxophone/2lXauQeeMSY.mp4,processed/saxophone/2lXauQeeMSY
saxophone,Uz-csyuIyq0,saxophone/Uz-csyuIyq0,raw_videos/saxophone/Uz-csyuIyq0.mp4,processed/saxophone/Uz-csyuIyq0
saxophone,aCOmqbbv2WE,saxophone/aCOmqbbv2WE,raw_videos/saxophone/aCOmqbbv2WE.mp4,processed/saxophone/aCOmqbbv2WE
saxophone,OWggZm-bsgI,saxophone/OWggZm-bsgI,raw_videos/saxophone/OWggZm-bsgI.mp4,processed/saxophone/OWggZm-bsgI
saxophone,UYchL-3xCa0,saxophone/UYchL-3xCa0,raw_videos/saxophone/UYchL-3xCa0.mp4,processed/saxophone/UYchL-3xCa0
saxophone,XUxupBvvZS4,saxophone/XUxupBvvZS4,raw_videos/saxophone/XUxupBvvZS4.mp4,processed/saxophone/XUxupBvvZS4
saxophone,fkXbyf1ku8M,saxophone/fkXbyf1ku8M,raw_videos/saxophone/fkXbyf1ku8M.mp4,processed/saxophone/fkXbyf1ku8M
saxophone,DMpXE0jvQ_0,saxophone/DMpXE0jvQ_0,raw_videos/saxophone/DMpXE0jvQ_0.mp4,processed/saxophone/DMpXE0jvQ_0
saxophone,Hmt9vW3d0kw,saxophone/Hmt9vW3d0kw,raw_videos/saxophone/Hmt9vW3d0kw.mp4,processed/saxophone/Hmt9vW3d0kw
saxophone,3drXBAqHlJc,saxophone/3drXBAqHlJc,raw_videos/saxophone/3drXBAqHlJc.mp4,processed/saxophone/3drXBAqHlJc
saxophone,IV56zh--ep8,saxophone/IV56zh--ep8,raw_videos/saxophone/IV56zh--ep8.mp4,processed/saxophone/IV56zh--ep8
saxophone,sYx7rTPymVM,saxophone/sYx7rTPymVM,raw_videos/saxophone/sYx7rTPymVM.mp4,processed/saxophone/sYx7rTPymVM
saxophone,uj9q1jBICTQ,saxophone/uj9q1jBICTQ,raw_videos/saxophone/uj9q1jBICTQ.mp4,processed/saxophone/uj9q1jBICTQ
saxophone,9B2qSIcFRS4,saxophone/9B2qSIcFRS4,raw_videos/saxophone/9B2qSIcFRS4.mp4,processed/saxophone/9B2qSIcFRS4
saxophone,i6MuDz-1oHk,saxophone/i6MuDz-1oHk,raw_videos/saxophone/i6MuDz-1oHk.mp4,processed/saxophone/i6MuDz-1oHk
saxophone,m3S6IMNVqGE,saxophone/m3S6IMNVqGE,raw_videos/saxophone/m3S6IMNVqGE.mp4,processed/saxophone/m3S6IMNVqGE
saxophone,_sV48IRYXuA,saxophone/_sV48IRYXuA,raw_videos/saxophone/_sV48IRYXuA.mp4,processed/saxophone/_sV48IRYXuA
saxophone,wtlPgEfHTBU,saxophone/wtlPgEfHTBU,raw_videos/saxophone/wtlPgEfHTBU.mp4,processed/saxophone/wtlPgEfHTBU
saxophone,VRN5C7LpAlg,saxophone/VRN5C7LpAlg,raw_videos/saxophone/VRN5C7LpAlg.mp4,processed/saxophone/VRN5C7LpAlg
saxophone,04cbWuAq9kA,saxophone/04cbWuAq9kA,raw_videos/saxophone/04cbWuAq9kA.mp4,processed/saxophone/04cbWuAq9kA
saxophone,I_y8yNn1rQA,saxophone/I_y8yNn1rQA,raw_videos/saxophone/I_y8yNn1rQA.mp4,processed/saxophone/I_y8yNn1rQA
saxophone,OW2ZKxfpxMc,saxophone/OW2ZKxfpxMc,raw_videos/saxophone/OW2ZKxfpxMc.mp4,processed/saxophone/OW2ZKxfpxMc
saxophone,Pd4tEMpz2SE,saxophone/Pd4tEMpz2SE,raw_videos/saxophone/Pd4tEMpz2SE.mp4,processed/saxophone/Pd4tEMpz2SE
saxophone,aNrxBTfImMk,saxophone/aNrxBTfImMk,raw_videos/saxophone/aNrxBTfImMk.mp4,processed/saxophone/aNrxBTfImMk
saxophone,E65aACdpm4g,saxophone/E65aACdpm4g,raw_videos/saxophone/E65aACdpm4g.mp4,processed/saxophone/E65aACdpm4g
saxophone,MEtS0LJsn90,saxophone/MEtS0LJsn90,raw_videos/saxophone/MEtS0LJsn90.mp4,processed/saxophone/MEtS0LJsn90
saxophone,AEa34pOp6wY,saxophone/AEa34pOp6wY,raw_videos/saxophone/AEa34pOp6wY.mp4,processed/saxophone/AEa34pOp6wY
saxophone,yIig9P7_sqU,saxophone/yIig9P7_sqU,raw_videos/saxophone/yIig9P7_sqU.mp4,processed/saxophone/yIig9P7_sqU
saxophone,B5tRi74XYXI,saxophone/B5tRi74XYXI,raw_videos/saxophone/B5tRi74XYXI.mp4,processed/saxophone/B5tRi74XYXI
saxophone,v2Axq9MRQAk,saxophone/v2Axq9MRQAk,raw_videos/saxophone/v2Axq9MRQAk.mp4,processed/saxophone/v2Axq9MRQAk
saxophone,hPNY5_AjSZE,saxophone/hPNY5_AjSZE,raw_videos/saxophone/hPNY5_AjSZE.mp4,processed/saxophone/hPNY5_AjSZE
saxophone,b_qj32CsTX4,saxophone/b_qj32CsTX4,raw_videos/saxophone/b_qj32CsTX4.mp4,processed/saxophone/b_qj32CsTX4
saxophone,CQmdcN18CCo,saxophone/CQmdcN18CCo,raw_videos/saxophone/CQmdcN18CCo.mp4,processed/saxophone/CQmdcN18CCo
saxophone,G7razpCwwNs,saxophone/G7razpCwwNs,raw_videos/saxophone/G7razpCwwNs.mp4,processed/saxophone/G7razpCwwNs
saxophone,5ea7vaSkeaU,saxophone/5ea7vaSkeaU,raw_videos/saxophone/5ea7vaSkeaU.mp4,processed/saxophone/5ea7vaSkeaU
saxophone,-359Fbk7Tgo,saxophone/-359Fbk7Tgo,raw_videos/saxophone/-359Fbk7Tgo.mp4,processed/saxophone/-359Fbk7Tgo
saxophone,rcqRlVjr6Uw,saxophone/rcqRlVjr6Uw,raw_videos/saxophone/rcqRlVjr6Uw.mp4,processed/saxophone/rcqRlVjr6Uw
saxophone,5oMhYeMfob0,saxophone/5oMhYeMfob0,raw_videos/saxophone/5oMhYeMfob0.mp4,processed/saxophone/5oMhYeMfob0
saxophone,5BQm3dDOTJA,saxophone/5BQm3dDOTJA,raw_videos/saxophone/5BQm3dDOTJA.mp4,processed/saxophone/5BQm3dDOTJA
saxophone,NfbcYENEenk,saxophone/NfbcYENEenk,raw_videos/saxophone/NfbcYENEenk.mp4,processed/saxophone/NfbcYENEenk
saxophone,I0WDrUmJZRc,saxophone/I0WDrUmJZRc,raw_videos/saxophone/I0WDrUmJZRc.mp4,processed/saxophone/I0WDrUmJZRc
saxophone,vGL5WvnmAvQ,saxophone/vGL5WvnmAvQ,raw_videos/saxophone/vGL5WvnmAvQ.mp4,processed/saxophone/vGL5WvnmAvQ
saxophone,5YUyV8ghEwM,saxophone/5YUyV8ghEwM,raw_videos/saxophone/5YUyV8ghEwM.mp4,processed/saxophone/5YUyV8ghEwM
saxophone,KPmKyrqKIJo,saxophone/KPmKyrqKIJo,raw_videos/saxophone/KPmKyrqKIJo.mp4,processed/saxophone/KPmKyrqKIJo
saxophone,ce6CGLvYxzs,saxophone/ce6CGLvYxzs,raw_videos/saxophone/ce6CGLvYxzs.mp4,processed/saxophone/ce6CGLvYxzs
saxophone,zSKbnJSY87g,saxophone/zSKbnJSY87g,raw_videos/saxophone/zSKbnJSY87g.mp4,processed/saxophone/zSKbnJSY87g
saxophone,nLzr2iKhOGA,saxophone/nLzr2iKhOGA,raw_videos/saxophone/nLzr2iKhOGA.mp4,processed/saxophone/nLzr2iKhOGA
saxophone,8tZRhP1qLsc,saxophone/8tZRhP1qLsc,raw_videos/saxophone/8tZRhP1qLsc.mp4,processed/saxophone/8tZRhP1qLsc
saxophone,IL7xKzgurAA,saxophone/IL7xKzgurAA,raw_videos/saxophone/IL7xKzgurAA.mp4,processed/saxophone/IL7xKzgurAA
saxophone,YKhPdKxpiqY,saxophone/YKhPdKxpiqY,raw_videos/saxophone/YKhPdKxpiqY.mp4,processed/saxophone/YKhPdKxpiqY
saxophone,0lsgzZzCSXo,saxophone/0lsgzZzCSXo,raw_videos/saxophone/0lsgzZzCSXo.mp4,processed/saxophone/0lsgzZzCSXo
saxophone,jBXDErsij0s,saxophone/jBXDErsij0s,raw_videos/saxophone/jBXDErsij0s.mp4,processed/saxophone/jBXDErsij0s
saxophone,zof4H47Pu4I,saxophone/zof4H47Pu4I,raw_videos/saxophone/zof4H47Pu4I.mp4,processed/saxophone/zof4H47Pu4I
saxophone,0lsgzZzCSXo,saxophone/0lsgzZzCSXo,raw_videos/saxophone/0lsgzZzCSXo.mp4,processed/saxophone/0lsgzZzCSXo
saxophone,jBXDErsij0s,saxophone/jBXDErsij0s,raw_videos/saxophone/jBXDErsij0s.mp4,processed/saxophone/jBXDErsij0s
saxophone,QVQ9Xjzj_lY,saxophone/QVQ9Xjzj_lY,raw_videos/saxophone/QVQ9Xjzj_lY.mp4,processed/saxophone/QVQ9Xjzj_lY
saxophone,4n-l_B5c5Vo,saxophone/4n-l_B5c5Vo,raw_videos/saxophone/4n-l_B5c5Vo.mp4,processed/saxophone/4n-l_B5c5Vo
saxophone,3m19khnBYQU,saxophone/3m19khnBYQU,raw_videos/saxophone/3m19khnBYQU.mp4,processed/saxophone/3m19khnBYQU
saxophone,SSLtKZFAY-8,saxophone/SSLtKZFAY-8,raw_videos/saxophone/SSLtKZFAY-8.mp4,processed/saxophone/SSLtKZFAY-8
saxophone,kObtqBGWVGc,saxophone/kObtqBGWVGc,raw_videos/saxophone/kObtqBGWVGc.mp4,processed/saxophone/kObtqBGWVGc
saxophone,lnADPCyrLRg,saxophone/lnADPCyrLRg,raw_videos/saxophone/lnADPCyrLRg.mp4,processed/saxophone/lnADPCyrLRg
saxophone,Wr011aN_HCc,saxophone/Wr011aN_HCc,raw_videos/saxophone/Wr011aN_HCc.mp4,processed/saxophone/Wr011aN_HCc
saxophone,KefGIe2_8hQ,saxophone/KefGIe2_8hQ,raw_videos/saxophone/KefGIe2_8hQ.mp4,processed/saxophone/KefGIe2_8hQ
saxophone,LNesnFiKNl0,saxophone/LNesnFiKNl0,raw_videos/saxophone/LNesnFiKNl0.mp4,processed/saxophone/LNesnFiKNl0
saxophone,uasg08zCZlc,saxophone/uasg08zCZlc,raw_videos/saxophone/uasg08zCZlc.mp4,processed/saxophone/uasg08zCZlc
saxophone,59NL3M1nY68,saxophone/59NL3M1nY68,raw_videos/saxophone/59NL3M1nY68.mp4,processed/saxophone/59NL3M1nY68
saxophone,dC3Ayx---Oc,saxophone/dC3Ayx---Oc,raw_videos/saxophone/dC3Ayx---Oc.mp4,processed/saxophone/dC3Ayx---Oc
saxophone,yceFqKPK8bE,saxophone/yceFqKPK8bE,raw_videos/saxophone/yceFqKPK8bE.mp4,processed/saxophone/yceFqKPK8bE
saxophone,RfmEupvwrS8,saxophone/RfmEupvwrS8,raw_videos/saxophone/RfmEupvwrS8.mp4,processed/saxophone/RfmEupvwrS8
saxophone,K4-Sxr1aiZU,saxophone/K4-Sxr1aiZU,raw_videos/saxophone/K4-Sxr1aiZU.mp4,processed/saxophone/K4-Sxr1aiZU
saxophone,6O3vSkbxsbc,saxophone/6O3vSkbxsbc,raw_videos/saxophone/6O3vSkbxsbc.mp4,processed/saxophone/6O3vSkbxsbc
saxophone,sqkjnfA0Yjg,saxophone/sqkjnfA0Yjg,raw_videos/saxophone/sqkjnfA0Yjg.mp4,processed/saxophone/sqkjnfA0Yjg
saxophone,NWoLpw3DbMI,saxophone/NWoLpw3DbMI,raw_videos/saxophone/NWoLpw3DbMI.mp4,processed/saxophone/NWoLpw3DbMI
saxophone,UIHbZbmi5Gg,saxophone/UIHbZbmi5Gg,raw_videos/saxophone/UIHbZbmi5Gg.mp4,processed/saxophone/UIHbZbmi5Gg
saxophone,tZhty9b5Rmc,saxophone/tZhty9b5Rmc,raw_videos/saxophone/tZhty9b5Rmc.mp4,processed/saxophone/tZhty9b5Rmc
saxophone,--FpxEI0O2Y,saxophone/--FpxEI0O2Y,raw_videos/saxophone/--FpxEI0O2Y.mp4,processed/saxophone/--FpxEI0O2Y
saxophone,HmOSPMEao38,saxophone/HmOSPMEao38,raw_videos/saxophone/HmOSPMEao38.mp4,processed/saxophone/HmOSPMEao38
saxophone,K9lrSDcTHDs,saxophone/K9lrSDcTHDs,raw_videos/saxophone/K9lrSDcTHDs.mp4,processed/saxophone/K9lrSDcTHDs
saxophone,-HnbTKPyDOE,saxophone/-HnbTKPyDOE,raw_videos/saxophone/-HnbTKPyDOE.mp4,processed/saxophone/-HnbTKPyDOE
saxophone,64aDU5aZhjY,saxophone/64aDU5aZhjY,raw_videos/saxophone/64aDU5aZhjY.mp4,processed/saxophone/64aDU5aZhjY
saxophone,WHI-0Vf5Ujo,saxophone/WHI-0Vf5Ujo,raw_videos/saxophone/WHI-0Vf5Ujo.mp4,processed/saxophone/WHI-0Vf5Ujo
saxophone,tjX3ilr53o4,saxophone/tjX3ilr53o4,raw_videos/saxophone/tjX3ilr53o4.mp4,processed/saxophone/tjX3ilr53o4
saxophone,UnEeuWL4AYI,saxophone/UnEeuWL4AYI,raw_videos/saxophone/UnEeuWL4AYI.mp4,processed/saxophone/UnEeuWL4AYI
saxophone,Kn6qNp9gtjU,saxophone/Kn6qNp9gtjU,raw_videos/saxophone/Kn6qNp9gtjU.mp4,processed/saxophone/Kn6qNp9gtjU
saxophone,S41h8pSAU5E,saxophone/S41h8pSAU5E,raw_videos/saxophone/S41h8pSAU5E.mp4,processed/saxophone/S41h8pSAU5E
saxophone,uCqqLVdiBuY,saxophone/uCqqLVdiBuY,raw_videos/saxophone/uCqqLVdiBuY.mp4,processed/saxophone/uCqqLVdiBuY
trumpet,ZRpsKMe5dSg,trumpet/ZRpsKMe5dSg,raw_videos/trumpet/ZRpsKMe5dSg.mp4,processed/trumpet/ZRpsKMe5dSg
trumpet,ZuJEVqon3lM,trumpet/ZuJEVqon3lM,raw_videos/trumpet/ZuJEVqon3lM.mp4,processed/trumpet/ZuJEVqon3lM
trumpet,iqyw0xR5Wf0,trumpet/iqyw0xR5Wf0,raw_videos/trumpet/iqyw0xR5Wf0.mp4,processed/trumpet/iqyw0xR5Wf0
trumpet,eBoCeQtoFtM,trumpet/eBoCeQtoFtM,raw_videos/trumpet/eBoCeQtoFtM.mp4,processed/trumpet/eBoCeQtoFtM
trumpet,nKc4srJBgYU,trumpet/nKc4srJBgYU,raw_videos/trumpet/nKc4srJBgYU.mp4,processed/trumpet/nKc4srJBgYU
trumpet,ds0ayqYweAc,trumpet/ds0ayqYweAc,raw_videos/trumpet/ds0ayqYweAc.mp4,processed/trumpet/ds0ayqYweAc
trumpet,6G78knF3eFk,trumpet/6G78knF3eFk,raw_videos/trumpet/6G78knF3eFk.mp4,processed/trumpet/6G78knF3eFk
trumpet,aCi1P8Rymo4,trumpet/aCi1P8Rymo4,raw_videos/trumpet/aCi1P8Rymo4.mp4,processed/trumpet/aCi1P8Rymo4
trumpet,VQR_CcRrZA0,trumpet/VQR_CcRrZA0,raw_videos/trumpet/VQR_CcRrZA0.mp4,processed/trumpet/VQR_CcRrZA0
trumpet,Ba4ajAm0VDI,trumpet/Ba4ajAm0VDI,raw_videos/trumpet/Ba4ajAm0VDI.mp4,processed/trumpet/Ba4ajAm0VDI
trumpet,_AtTFfgZvEk,trumpet/_AtTFfgZvEk,raw_videos/trumpet/_AtTFfgZvEk.mp4,processed/trumpet/_AtTFfgZvEk
trumpet,R9VbtH2rw74,trumpet/R9VbtH2rw74,raw_videos/trumpet/R9VbtH2rw74.mp4,processed/trumpet/R9VbtH2rw74
trumpet,g1sNdUDTfJQ,trumpet/g1sNdUDTfJQ,raw_videos/trumpet/g1sNdUDTfJQ.mp4,processed/trumpet/g1sNdUDTfJQ
trumpet,PYjwNew61XQ,trumpet/PYjwNew61XQ,raw_videos/trumpet/PYjwNew61XQ.mp4,processed/trumpet/PYjwNew61XQ
trumpet,I2QXo4mGeRE,trumpet/I2QXo4mGeRE,raw_videos/trumpet/I2QXo4mGeRE.mp4,processed/trumpet/I2QXo4mGeRE
trumpet,ENnSwgLc2B4,trumpet/ENnSwgLc2B4,raw_videos/trumpet/ENnSwgLc2B4.mp4,processed/trumpet/ENnSwgLc2B4
trumpet,EwG7o3SS-r0,trumpet/EwG7o3SS-r0,raw_videos/trumpet/EwG7o3SS-r0.mp4,processed/trumpet/EwG7o3SS-r0
trumpet,zJIt_KdE3Jc,trumpet/zJIt_KdE3Jc,raw_videos/trumpet/zJIt_KdE3Jc.mp4,processed/trumpet/zJIt_KdE3Jc
trumpet,eCQO6k5Qrmg,trumpet/eCQO6k5Qrmg,raw_videos/trumpet/eCQO6k5Qrmg.mp4,processed/trumpet/eCQO6k5Qrmg
trumpet,S1iKARDRvX4,trumpet/S1iKARDRvX4,raw_videos/trumpet/S1iKARDRvX4.mp4,processed/trumpet/S1iKARDRvX4
trumpet,UFNc_74au6A,trumpet/UFNc_74au6A,raw_videos/trumpet/UFNc_74au6A.mp4,processed/trumpet/UFNc_74au6A
trumpet,2gk-IN35s5I,trumpet/2gk-IN35s5I,raw_videos/trumpet/2gk-IN35s5I.mp4,processed/trumpet/2gk-IN35s5I
trumpet,wEF6fWnx_wY,trumpet/wEF6fWnx_wY,raw_videos/trumpet/wEF6fWnx_wY.mp4,processed/trumpet/wEF6fWnx_wY
trumpet,889Kxn_RYzo,trumpet/889Kxn_RYzo,raw_videos/trumpet/889Kxn_RYzo.mp4,processed/trumpet/889Kxn_RYzo
trumpet,U2NMdF5yzdE,trumpet/U2NMdF5yzdE,raw_videos/trumpet/U2NMdF5yzdE.mp4,processed/trumpet/U2NMdF5yzdE
trumpet,ufsSRKgUb6g,trumpet/ufsSRKgUb6g,raw_videos/trumpet/ufsSRKgUb6g.mp4,processed/trumpet/ufsSRKgUb6g
trumpet,STKXyBGSGyE,trumpet/STKXyBGSGyE,raw_videos/trumpet/STKXyBGSGyE.mp4,processed/trumpet/STKXyBGSGyE
trumpet,zhaLSfnahL0,trumpet/zhaLSfnahL0,raw_videos/trumpet/zhaLSfnahL0.mp4,processed/trumpet/zhaLSfnahL0
trumpet,rZYf9Dl8ew0,trumpet/rZYf9Dl8ew0,raw_videos/trumpet/rZYf9Dl8ew0.mp4,processed/trumpet/rZYf9Dl8ew0
trumpet,y-Y6QAUqSKg,trumpet/y-Y6QAUqSKg,raw_videos/trumpet/y-Y6QAUqSKg.mp4,processed/trumpet/y-Y6QAUqSKg
trumpet,nZ4HNz9xvSw,trumpet/nZ4HNz9xvSw,raw_videos/trumpet/nZ4HNz9xvSw.mp4,processed/trumpet/nZ4HNz9xvSw
trumpet,7q1E1pueAU4,trumpet/7q1E1pueAU4,raw_videos/trumpet/7q1E1pueAU4.mp4,processed/trumpet/7q1E1pueAU4
trumpet,jl4iDbOsrJM,trumpet/jl4iDbOsrJM,raw_videos/trumpet/jl4iDbOsrJM.mp4,processed/trumpet/jl4iDbOsrJM
trumpet,8jxZMGYbQIw,trumpet/8jxZMGYbQIw,raw_videos/trumpet/8jxZMGYbQIw.mp4,processed/trumpet/8jxZMGYbQIw
trumpet,2V12S02E2Jc,trumpet/2V12S02E2Jc,raw_videos/trumpet/2V12S02E2Jc.mp4,processed/trumpet/2V12S02E2Jc
trumpet,qsciXAjiwF0,trumpet/qsciXAjiwF0,raw_videos/trumpet/qsciXAjiwF0.mp4,processed/trumpet/qsciXAjiwF0
trumpet,sPtLTnsCgMY,trumpet/sPtLTnsCgMY,raw_videos/trumpet/sPtLTnsCgMY.mp4,processed/trumpet/sPtLTnsCgMY
trumpet,-dGfOlFsY20,trumpet/-dGfOlFsY20,raw_videos/trumpet/-dGfOlFsY20.mp4,processed/trumpet/-dGfOlFsY20
trumpet,S3G9BjzPKXo,trumpet/S3G9BjzPKXo,raw_videos/trumpet/S3G9BjzPKXo.mp4,processed/trumpet/S3G9BjzPKXo
trumpet,Uf8tQZn-3EI,trumpet/Uf8tQZn-3EI,raw_videos/trumpet/Uf8tQZn-3EI.mp4,processed/trumpet/Uf8tQZn-3EI
trumpet,aavW-tx8daw,trumpet/aavW-tx8daw,raw_videos/trumpet/aavW-tx8daw.mp4,processed/trumpet/aavW-tx8daw
trumpet,TaII-y9-5Iw,trumpet/TaII-y9-5Iw,raw_videos/trumpet/TaII-y9-5Iw.mp4,processed/trumpet/TaII-y9-5Iw
trumpet,ZFp0yw9Dxcw,trumpet/ZFp0yw9Dxcw,raw_videos/trumpet/ZFp0yw9Dxcw.mp4,processed/trumpet/ZFp0yw9Dxcw
trumpet,twrdXx6dThg,trumpet/twrdXx6dThg,raw_videos/trumpet/twrdXx6dThg.mp4,processed/trumpet/twrdXx6dThg
trumpet,dnPwEXTkHSw,trumpet/dnPwEXTkHSw,raw_videos/trumpet/dnPwEXTkHSw.mp4,processed/trumpet/dnPwEXTkHSw
trumpet,MowEfBT7j2U,trumpet/MowEfBT7j2U,raw_videos/trumpet/MowEfBT7j2U.mp4,processed/trumpet/MowEfBT7j2U
trumpet,5TdoX_XzSP4,trumpet/5TdoX_XzSP4,raw_videos/trumpet/5TdoX_XzSP4.mp4,processed/trumpet/5TdoX_XzSP4
trumpet,MKB2lWo9S-M,trumpet/MKB2lWo9S-M,raw_videos/trumpet/MKB2lWo9S-M.mp4,processed/trumpet/MKB2lWo9S-M
trumpet,VWmF7Ba5OgY,trumpet/VWmF7Ba5OgY,raw_videos/trumpet/VWmF7Ba5OgY.mp4,processed/trumpet/VWmF7Ba5OgY
trumpet,aGk1zIDQQjQ,trumpet/aGk1zIDQQjQ,raw_videos/trumpet/aGk1zIDQQjQ.mp4,processed/trumpet/aGk1zIDQQjQ
trumpet,NOO7029fQeY,trumpet/NOO7029fQeY,raw_videos/trumpet/NOO7029fQeY.mp4,processed/trumpet/NOO7029fQeY
trumpet,3bpD1lZsTsM,trumpet/3bpD1lZsTsM,raw_videos/trumpet/3bpD1lZsTsM.mp4,processed/trumpet/3bpD1lZsTsM
trumpet,mLNszwKn8Bw,trumpet/mLNszwKn8Bw,raw_videos/trumpet/mLNszwKn8Bw.mp4,processed/trumpet/mLNszwKn8Bw
trumpet,9t5tisrRgbk,trumpet/9t5tisrRgbk,raw_videos/trumpet/9t5tisrRgbk.mp4,processed/trumpet/9t5tisrRgbk
trumpet,7f1rXBenscc,trumpet/7f1rXBenscc,raw_videos/trumpet/7f1rXBenscc.mp4,processed/trumpet/7f1rXBenscc
trumpet,ZvwIRIrip_Q,trumpet/ZvwIRIrip_Q,raw_videos/trumpet/ZvwIRIrip_Q.mp4,processed/trumpet/ZvwIRIrip_Q
trumpet,MzSh-bhKwBo,trumpet/MzSh-bhKwBo,raw_videos/trumpet/MzSh-bhKwBo.mp4,processed/trumpet/MzSh-bhKwBo
trumpet,kJ6vd3_bRp4,trumpet/kJ6vd3_bRp4,raw_videos/trumpet/kJ6vd3_bRp4.mp4,processed/trumpet/kJ6vd3_bRp4
trumpet,AIJ2rRXfbjw,trumpet/AIJ2rRXfbjw,raw_videos/trumpet/AIJ2rRXfbjw.mp4,processed/trumpet/AIJ2rRXfbjw
trumpet,j0ZNeeT7eaY,trumpet/j0ZNeeT7eaY,raw_videos/trumpet/j0ZNeeT7eaY.mp4,processed/trumpet/j0ZNeeT7eaY
trumpet,QLV696jzgVs,trumpet/QLV696jzgVs,raw_videos/trumpet/QLV696jzgVs.mp4,processed/trumpet/QLV696jzgVs
trumpet,j1n3x2S82R8,trumpet/j1n3x2S82R8,raw_videos/trumpet/j1n3x2S82R8.mp4,processed/trumpet/j1n3x2S82R8
trumpet,_mNRK2cHYbw,trumpet/_mNRK2cHYbw,raw_videos/trumpet/_mNRK2cHYbw.mp4,processed/trumpet/_mNRK2cHYbw
trumpet,Lq9HrpUz6-I,trumpet/Lq9HrpUz6-I,raw_videos/trumpet/Lq9HrpUz6-I.mp4,processed/trumpet/Lq9HrpUz6-I
trumpet,ErLVKvDdkgY,trumpet/ErLVKvDdkgY,raw_videos/trumpet/ErLVKvDdkgY.mp4,processed/trumpet/ErLVKvDdkgY
trumpet,lR8RrUBhCQg,trumpet/lR8RrUBhCQg,raw_videos/trumpet/lR8RrUBhCQg.mp4,processed/trumpet/lR8RrUBhCQg
trumpet,czD_sKUayPw,trumpet/czD_sKUayPw,raw_videos/trumpet/czD_sKUayPw.mp4,processed/trumpet/czD_sKUayPw
trumpet,SBKYS6RPh00,trumpet/SBKYS6RPh00,raw_videos/trumpet/SBKYS6RPh00.mp4,processed/trumpet/SBKYS6RPh00
trumpet,_u8NBgpweY8,trumpet/_u8NBgpweY8,raw_videos/trumpet/_u8NBgpweY8.mp4,processed/trumpet/_u8NBgpweY8
trumpet,-SQfuksB2fA,trumpet/-SQfuksB2fA,raw_videos/trumpet/-SQfuksB2fA.mp4,processed/trumpet/-SQfuksB2fA
trumpet,ufsSRKgUb6g,trumpet/ufsSRKgUb6g,raw_videos/trumpet/ufsSRKgUb6g.mp4,processed/trumpet/ufsSRKgUb6g
trumpet,eBoCeQtoFtM,trumpet/eBoCeQtoFtM,raw_videos/trumpet/eBoCeQtoFtM.mp4,processed/trumpet/eBoCeQtoFtM
trumpet,u2rQgkrsSZM,trumpet/u2rQgkrsSZM,raw_videos/trumpet/u2rQgkrsSZM.mp4,processed/trumpet/u2rQgkrsSZM
trumpet,_RUiSgviSdQ,trumpet/_RUiSgviSdQ,raw_videos/trumpet/_RUiSgviSdQ.mp4,processed/trumpet/_RUiSgviSdQ
trumpet,kTiLrF7Tfoc,trumpet/kTiLrF7Tfoc,raw_videos/trumpet/kTiLrF7Tfoc.mp4,processed/trumpet/kTiLrF7Tfoc
trumpet,b-x7PN5wI1c,trumpet/b-x7PN5wI1c,raw_videos/trumpet/b-x7PN5wI1c.mp4,processed/trumpet/b-x7PN5wI1c
trumpet,3V4uWLqiWD4,trumpet/3V4uWLqiWD4,raw_videos/trumpet/3V4uWLqiWD4.mp4,processed/trumpet/3V4uWLqiWD4
trumpet,pc6QiK8gMjg,trumpet/pc6QiK8gMjg,raw_videos/trumpet/pc6QiK8gMjg.mp4,processed/trumpet/pc6QiK8gMjg
trumpet,mfEBblcyyBM,trumpet/mfEBblcyyBM,raw_videos/trumpet/mfEBblcyyBM.mp4,processed/trumpet/mfEBblcyyBM
trumpet,s8Yb1x6PHUA,trumpet/s8Yb1x6PHUA,raw_videos/trumpet/s8Yb1x6PHUA.mp4,processed/trumpet/s8Yb1x6PHUA
trumpet,VyJky8BSLXQ,trumpet/VyJky8BSLXQ,raw_videos/trumpet/VyJky8BSLXQ.mp4,processed/trumpet/VyJky8BSLXQ
trumpet,fXo94Bkb9YU,trumpet/fXo94Bkb9YU,raw_videos/trumpet/fXo94Bkb9YU.mp4,processed/trumpet/fXo94Bkb9YU
trumpet,Io6VxknUfXs,trumpet/Io6VxknUfXs,raw_videos/trumpet/Io6VxknUfXs.mp4,processed/trumpet/Io6VxknUfXs
trumpet,qNxOVwGoHEM,trumpet/qNxOVwGoHEM,raw_videos/trumpet/qNxOVwGoHEM.mp4,processed/trumpet/qNxOVwGoHEM
trumpet,rNaaUstoIiU,trumpet/rNaaUstoIiU,raw_videos/trumpet/rNaaUstoIiU.mp4,processed/trumpet/rNaaUstoIiU
trumpet,c-pE8qCzbqE,trumpet/c-pE8qCzbqE,raw_videos/trumpet/c-pE8qCzbqE.mp4,processed/trumpet/c-pE8qCzbqE
trumpet,q1PuMTvbZD4,trumpet/q1PuMTvbZD4,raw_videos/trumpet/q1PuMTvbZD4.mp4,processed/trumpet/q1PuMTvbZD4
trumpet,R71jci0uH4c,trumpet/R71jci0uH4c,raw_videos/trumpet/R71jci0uH4c.mp4,processed/trumpet/R71jci0uH4c
trumpet,jwR0UGoDNAQ,trumpet/jwR0UGoDNAQ,raw_videos/trumpet/jwR0UGoDNAQ.mp4,processed/trumpet/jwR0UGoDNAQ
trumpet,NQAa7YHzc3M,trumpet/NQAa7YHzc3M,raw_videos/trumpet/NQAa7YHzc3M.mp4,processed/trumpet/NQAa7YHzc3M
trumpet,Vpawb0YWvEg,trumpet/Vpawb0YWvEg,raw_videos/trumpet/Vpawb0YWvEg.mp4,processed/trumpet/Vpawb0YWvEg
trumpet,VKzuwto6LtI,trumpet/VKzuwto6LtI,raw_videos/trumpet/VKzuwto6LtI.mp4,processed/trumpet/VKzuwto6LtI
trumpet,y5utH4RfB_8,trumpet/y5utH4RfB_8,raw_videos/trumpet/y5utH4RfB_8.mp4,processed/trumpet/y5utH4RfB_8
trumpet,fqgyeRFfrkk,trumpet/fqgyeRFfrkk,raw_videos/trumpet/fqgyeRFfrkk.mp4,processed/trumpet/fqgyeRFfrkk
trumpet,4WvwbVRoLtQ,trumpet/4WvwbVRoLtQ,raw_videos/trumpet/4WvwbVRoLtQ.mp4,processed/trumpet/4WvwbVRoLtQ
trumpet,GKlw8nHIZho,trumpet/GKlw8nHIZho,raw_videos/trumpet/GKlw8nHIZho.mp4,processed/trumpet/GKlw8nHIZho
trumpet,YcXK-dWMxC0,trumpet/YcXK-dWMxC0,raw_videos/trumpet/YcXK-dWMxC0.mp4,processed/trumpet/YcXK-dWMxC0
tuba,AKNt1SF-5VA,tuba/AKNt1SF-5VA,raw_videos/tuba/AKNt1SF-5VA.mp4,processed/tuba/AKNt1SF-5VA
tuba,LKMBOuDkEqo,tuba/LKMBOuDkEqo,raw_videos/tuba/LKMBOuDkEqo.mp4,processed/tuba/LKMBOuDkEqo
tuba,2tG4y_uyEAY,tuba/2tG4y_uyEAY,raw_videos/tuba/2tG4y_uyEAY.mp4,processed/tuba/2tG4y_uyEAY
tuba,43N29koKyPo,tuba/43N29koKyPo,raw_videos/tuba/43N29koKyPo.mp4,processed/tuba/43N29koKyPo
tuba,ZtVxXYObmOQ,tuba/ZtVxXYObmOQ,raw_videos/tuba/ZtVxXYObmOQ.mp4,processed/tuba/ZtVxXYObmOQ
tuba,1rcU3mH1VVA,tuba/1rcU3mH1VVA,raw_videos/tuba/1rcU3mH1VVA.mp4,processed/tuba/1rcU3mH1VVA
tuba,P_lSgczU2Sk,tuba/P_lSgczU2Sk,raw_videos/tuba/P_lSgczU2Sk.mp4,processed/tuba/P_lSgczU2Sk
tuba,C3s60zFIPTs,tuba/C3s60zFIPTs,raw_videos/tuba/C3s60zFIPTs.mp4,processed/tuba/C3s60zFIPTs
tuba,4-hZDt0Vr5I,tuba/4-hZDt0Vr5I,raw_videos/tuba/4-hZDt0Vr5I.mp4,processed/tuba/4-hZDt0Vr5I
tuba,LUZf782HzNo,tuba/LUZf782HzNo,raw_videos/tuba/LUZf782HzNo.mp4,processed/tuba/LUZf782HzNo
tuba,NDVxjRCWjYU,tuba/NDVxjRCWjYU,raw_videos/tuba/NDVxjRCWjYU.mp4,processed/tuba/NDVxjRCWjYU
tuba,N3nwDmWvsF4,tuba/N3nwDmWvsF4,raw_videos/tuba/N3nwDmWvsF4.mp4,processed/tuba/N3nwDmWvsF4
tuba,W9VsprvJQAM,tuba/W9VsprvJQAM,raw_videos/tuba/W9VsprvJQAM.mp4,processed/tuba/W9VsprvJQAM
tuba,DVrCy36Uigo,tuba/DVrCy36Uigo,raw_videos/tuba/DVrCy36Uigo.mp4,processed/tuba/DVrCy36Uigo
tuba,4lVuJEIaXgo,tuba/4lVuJEIaXgo,raw_videos/tuba/4lVuJEIaXgo.mp4,processed/tuba/4lVuJEIaXgo
tuba,WSRAO6abxog,tuba/WSRAO6abxog,raw_videos/tuba/WSRAO6abxog.mp4,processed/tuba/WSRAO6abxog
tuba,ASUUqMvTdjg,tuba/ASUUqMvTdjg,raw_videos/tuba/ASUUqMvTdjg.mp4,processed/tuba/ASUUqMvTdjg
tuba,73ikMuXwKgc,tuba/73ikMuXwKgc,raw_videos/tuba/73ikMuXwKgc.mp4,processed/tuba/73ikMuXwKgc
tuba,5Ru90VkovhM,tuba/5Ru90VkovhM,raw_videos/tuba/5Ru90VkovhM.mp4,processed/tuba/5Ru90VkovhM
tuba,SDR39fhyZRI,tuba/SDR39fhyZRI,raw_videos/tuba/SDR39fhyZRI.mp4,processed/tuba/SDR39fhyZRI
tuba,8EU0xM-pQOI,tuba/8EU0xM-pQOI,raw_videos/tuba/8EU0xM-pQOI.mp4,processed/tuba/8EU0xM-pQOI
tuba,6pkShdDe9LU,tuba/6pkShdDe9LU,raw_videos/tuba/6pkShdDe9LU.mp4,processed/tuba/6pkShdDe9LU
tuba,8YNdpTm2vsc,tuba/8YNdpTm2vsc,raw_videos/tuba/8YNdpTm2vsc.mp4,processed/tuba/8YNdpTm2vsc
tuba,9RSYp7jWRfY,tuba/9RSYp7jWRfY,raw_videos/tuba/9RSYp7jWRfY.mp4,processed/tuba/9RSYp7jWRfY
tuba,G46O0IzYtt0,tuba/G46O0IzYtt0,raw_videos/tuba/G46O0IzYtt0.mp4,processed/tuba/G46O0IzYtt0
tuba,35TPV7_D7do,tuba/35TPV7_D7do,raw_videos/tuba/35TPV7_D7do.mp4,processed/tuba/35TPV7_D7do
tuba,VA1EolcDwZI,tuba/VA1EolcDwZI,raw_videos/tuba/VA1EolcDwZI.mp4,processed/tuba/VA1EolcDwZI
tuba,GSol2w0QnJE,tuba/GSol2w0QnJE,raw_videos/tuba/GSol2w0QnJE.mp4,processed/tuba/GSol2w0QnJE
tuba,Xm5a8vCHlFw,tuba/Xm5a8vCHlFw,raw_videos/tuba/Xm5a8vCHlFw.mp4,processed/tuba/Xm5a8vCHlFw
tuba,ALMOnRonTPM,tuba/ALMOnRonTPM,raw_videos/tuba/ALMOnRonTPM.mp4,processed/tuba/ALMOnRonTPM
tuba,1owUN7YXSzE,tuba/1owUN7YXSzE,raw_videos/tuba/1owUN7YXSzE.mp4,processed/tuba/1owUN7YXSzE
tuba,Gufj4Jhk92I,tuba/Gufj4Jhk92I,raw_videos/tuba/Gufj4Jhk92I.mp4,processed/tuba/Gufj4Jhk92I
tuba,BabDKZLYlyE,tuba/BabDKZLYlyE,raw_videos/tuba/BabDKZLYlyE.mp4,processed/tuba/BabDKZLYlyE
tuba,InzjAr8VdvY,tuba/InzjAr8VdvY,raw_videos/tuba/InzjAr8VdvY.mp4,processed/tuba/InzjAr8VdvY
tuba,HQveyGmUBSs,tuba/HQveyGmUBSs,raw_videos/tuba/HQveyGmUBSs.mp4,processed/tuba/HQveyGmUBSs
tuba,aerJoJj--HU,tuba/aerJoJj--HU,raw_videos/tuba/aerJoJj--HU.mp4,processed/tuba/aerJoJj--HU
tuba,V9NILCtoTkc,tuba/V9NILCtoTkc,raw_videos/tuba/V9NILCtoTkc.mp4,processed/tuba/V9NILCtoTkc
tuba,_idF1Hf3-CI,tuba/_idF1Hf3-CI,raw_videos/tuba/_idF1Hf3-CI.mp4,processed/tuba/_idF1Hf3-CI
tuba,S9ES30JJTZc,tuba/S9ES30JJTZc,raw_videos/tuba/S9ES30JJTZc.mp4,processed/tuba/S9ES30JJTZc
tuba,GPh_9jtWub8,tuba/GPh_9jtWub8,raw_videos/tuba/GPh_9jtWub8.mp4,processed/tuba/GPh_9jtWub8
tuba,C952gmBlkIU,tuba/C952gmBlkIU,raw_videos/tuba/C952gmBlkIU.mp4,processed/tuba/C952gmBlkIU
tuba,YtOvrQNMkY0,tuba/YtOvrQNMkY0,raw_videos/tuba/YtOvrQNMkY0.mp4,processed/tuba/YtOvrQNMkY0
tuba,UNFwNbFdiTI,tuba/UNFwNbFdiTI,raw_videos/tuba/UNFwNbFdiTI.mp4,processed/tuba/UNFwNbFdiTI
tuba,JRPtROMynA8,tuba/JRPtROMynA8,raw_videos/tuba/JRPtROMynA8.mp4,processed/tuba/JRPtROMynA8
tuba,-X4loU7hcpw,tuba/-X4loU7hcpw,raw_videos/tuba/-X4loU7hcpw.mp4,processed/tuba/-X4loU7hcpw
tuba,8sgzGhxw-tM,tuba/8sgzGhxw-tM,raw_videos/tuba/8sgzGhxw-tM.mp4,processed/tuba/8sgzGhxw-tM
tuba,4CTkB84ukfY,tuba/4CTkB84ukfY,raw_videos/tuba/4CTkB84ukfY.mp4,processed/tuba/4CTkB84ukfY
tuba,4AsWvRTLPWI,tuba/4AsWvRTLPWI,raw_videos/tuba/4AsWvRTLPWI.mp4,processed/tuba/4AsWvRTLPWI
tuba,Aibr0BCz-Yk,tuba/Aibr0BCz-Yk,raw_videos/tuba/Aibr0BCz-Yk.mp4,processed/tuba/Aibr0BCz-Yk
tuba,AAUm9njcMRk,tuba/AAUm9njcMRk,raw_videos/tuba/AAUm9njcMRk.mp4,processed/tuba/AAUm9njcMRk
tuba,GV2bbRPFhvk,tuba/GV2bbRPFhvk,raw_videos/tuba/GV2bbRPFhvk.mp4,processed/tuba/GV2bbRPFhvk
tuba,KrlDeCWv9ak,tuba/KrlDeCWv9ak,raw_videos/tuba/KrlDeCWv9ak.mp4,processed/tuba/KrlDeCWv9ak
tuba,sVNTkXkIrbY,tuba/sVNTkXkIrbY,raw_videos/tuba/sVNTkXkIrbY.mp4,processed/tuba/sVNTkXkIrbY
tuba,INmI-ugmD7c,tuba/INmI-ugmD7c,raw_videos/tuba/INmI-ugmD7c.mp4,processed/tuba/INmI-ugmD7c
tuba,W9ca7SLJWDE,tuba/W9ca7SLJWDE,raw_videos/tuba/W9ca7SLJWDE.mp4,processed/tuba/W9ca7SLJWDE
tuba,YnUiy17iyUE,tuba/YnUiy17iyUE,raw_videos/tuba/YnUiy17iyUE.mp4,processed/tuba/YnUiy17iyUE
tuba,-kUCgRjtwPY,tuba/-kUCgRjtwPY,raw_videos/tuba/-kUCgRjtwPY.mp4,processed/tuba/-kUCgRjtwPY
tuba,Oq0Wz2XZdR4,tuba/Oq0Wz2XZdR4,raw_videos/tuba/Oq0Wz2XZdR4.mp4,processed/tuba/Oq0Wz2XZdR4
tuba,u6Mr13lHQVs,tuba/u6Mr13lHQVs,raw_videos/tuba/u6Mr13lHQVs.mp4,processed/tuba/u6Mr13lHQVs
tuba,hiPrtBFvLKU,tuba/hiPrtBFvLKU,raw_videos/tuba/hiPrtBFvLKU.mp4,processed/tuba/hiPrtBFvLKU
tuba,Rf44or2kzuI,tuba/Rf44or2kzuI,raw_videos/tuba/Rf44or2kzuI.mp4,processed/tuba/Rf44or2kzuI
tuba,oJ1d3JX2XfI,tuba/oJ1d3JX2XfI,raw_videos/tuba/oJ1d3JX2XfI.mp4,processed/tuba/oJ1d3JX2XfI
tuba,M1PM4jrLQ_I,tuba/M1PM4jrLQ_I,raw_videos/tuba/M1PM4jrLQ_I.mp4,processed/tuba/M1PM4jrLQ_I
tuba,VTWjqy-zTQY,tuba/VTWjqy-zTQY,raw_videos/tuba/VTWjqy-zTQY.mp4,processed/tuba/VTWjqy-zTQY
tuba,sgyhfvTIMmw,tuba/sgyhfvTIMmw,raw_videos/tuba/sgyhfvTIMmw.mp4,processed/tuba/sgyhfvTIMmw
tuba,UacyKGtkOyQ,tuba/UacyKGtkOyQ,raw_videos/tuba/UacyKGtkOyQ.mp4,processed/tuba/UacyKGtkOyQ
tuba,94l8ZFCeWtU,tuba/94l8ZFCeWtU,raw_videos/tuba/94l8ZFCeWtU.mp4,processed/tuba/94l8ZFCeWtU
tuba,gPOJkS-n7bA,tuba/gPOJkS-n7bA,raw_videos/tuba/gPOJkS-n7bA.mp4,processed/tuba/gPOJkS-n7bA
tuba,Xn6pAh-NPVs,tuba/Xn6pAh-NPVs,raw_videos/tuba/Xn6pAh-NPVs.mp4,processed/tuba/Xn6pAh-NPVs
tuba,zCQV-8-C2tA,tuba/zCQV-8-C2tA,raw_videos/tuba/zCQV-8-C2tA.mp4,processed/tuba/zCQV-8-C2tA
tuba,iphjWrBzYgU,tuba/iphjWrBzYgU,raw_videos/tuba/iphjWrBzYgU.mp4,processed/tuba/iphjWrBzYgU
tuba,5zpsR2Urr7M,tuba/5zpsR2Urr7M,raw_videos/tuba/5zpsR2Urr7M.mp4,processed/tuba/5zpsR2Urr7M
tuba,g9RTyY8USEk,tuba/g9RTyY8USEk,raw_videos/tuba/g9RTyY8USEk.mp4,processed/tuba/g9RTyY8USEk
tuba,uQrojsywY4k,tuba/uQrojsywY4k,raw_videos/tuba/uQrojsywY4k.mp4,processed/tuba/uQrojsywY4k
tuba,kRoQq1RDWBk,tuba/kRoQq1RDWBk,raw_videos/tuba/kRoQq1RDWBk.mp4,processed/tuba/kRoQq1RDWBk
tuba,EnUczIkBeUw,tuba/EnUczIkBeUw,raw_videos/tuba/EnUczIkBeUw.mp4,processed/tuba/EnUczIkBeUw
tuba,4FkY_vlntsA,tuba/4FkY_vlntsA,raw_videos/tuba/4FkY_vlntsA.mp4,processed/tuba/4FkY_vlntsA
tuba,kOQEgB7ase4,tuba/kOQEgB7ase4,raw_videos/tuba/kOQEgB7ase4.mp4,processed/tuba/kOQEgB7ase4
tuba,5ypkXiJoBsI,tuba/5ypkXiJoBsI,raw_videos/tuba/5ypkXiJoBsI.mp4,processed/tuba/5ypkXiJoBsI
tuba,Cjeizmld4ss,tuba/Cjeizmld4ss,raw_videos/tuba/Cjeizmld4ss.mp4,processed/tuba/Cjeizmld4ss
tuba,BfW6436DP10,tuba/BfW6436DP10,raw_videos/tuba/BfW6436DP10.mp4,processed/tuba/BfW6436DP10
tuba,latogof9iy4,tuba/latogof9iy4,raw_videos/tuba/latogof9iy4.mp4,processed/tuba/latogof9iy4
tuba,CvnjPWu7UuA,tuba/CvnjPWu7UuA,raw_videos/tuba/CvnjPWu7UuA.mp4,processed/tuba/CvnjPWu7UuA
tuba,PnoQOM_R11E,tuba/PnoQOM_R11E,raw_videos/tuba/PnoQOM_R11E.mp4,processed/tuba/PnoQOM_R11E
tuba,UNFwNbFdiTI,tuba/UNFwNbFdiTI,raw_videos/tuba/UNFwNbFdiTI.mp4,processed/tuba/UNFwNbFdiTI
tuba,9i_9NK7NsUY,tuba/9i_9NK7NsUY,raw_videos/tuba/9i_9NK7NsUY.mp4,processed/tuba/9i_9NK7NsUY
tuba,zUAxcK9PBKA,tuba/zUAxcK9PBKA,raw_videos/tuba/zUAxcK9PBKA.mp4,processed/tuba/zUAxcK9PBKA
tuba,Rg-ekTjuIPY,tuba/Rg-ekTjuIPY,raw_videos/tuba/Rg-ekTjuIPY.mp4,processed/tuba/Rg-ekTjuIPY
tuba,xtEm6eouMac,tuba/xtEm6eouMac,raw_videos/tuba/xtEm6eouMac.mp4,processed/tuba/xtEm6eouMac
tuba,S1KC5V4bj4Y,tuba/S1KC5V4bj4Y,raw_videos/tuba/S1KC5V4bj4Y.mp4,processed/tuba/S1KC5V4bj4Y
tuba,03guqi1Tf1w,tuba/03guqi1Tf1w,raw_videos/tuba/03guqi1Tf1w.mp4,processed/tuba/03guqi1Tf1w
tuba,PbX906fsV6k,tuba/PbX906fsV6k,raw_videos/tuba/PbX906fsV6k.mp4,processed/tuba/PbX906fsV6k
tuba,eAf3fqbRFrk,tuba/eAf3fqbRFrk,raw_videos/tuba/eAf3fqbRFrk.mp4,processed/tuba/eAf3fqbRFrk
tuba,Fhql7O9Guyg,tuba/Fhql7O9Guyg,raw_videos/tuba/Fhql7O9Guyg.mp4,processed/tuba/Fhql7O9Guyg
tuba,Lvhi8j0Px4k,tuba/Lvhi8j0Px4k,raw_videos/tuba/Lvhi8j0Px4k.mp4,processed/tuba/Lvhi8j0Px4k
tuba,AzOIiGdsyOM,tuba/AzOIiGdsyOM,raw_videos/tuba/AzOIiGdsyOM.mp4,processed/tuba/AzOIiGdsyOM
tuba,tI-aBXMNWy8,tuba/tI-aBXMNWy8,raw_videos/tuba/tI-aBXMNWy8.mp4,processed/tuba/tI-aBXMNWy8
tuba,5wXiazKeq1E,tuba/5wXiazKeq1E,raw_videos/tuba/5wXiazKeq1E.mp4,processed/tuba/5wXiazKeq1E
tuba,0nuoRtl_-MM,tuba/0nuoRtl_-MM,raw_videos/tuba/0nuoRtl_-MM.mp4,processed/tuba/0nuoRtl_-MM
tuba,Q9rpw3TDOJQ,tuba/Q9rpw3TDOJQ,raw_videos/tuba/Q9rpw3TDOJQ.mp4,processed/tuba/Q9rpw3TDOJQ
tuba,YuaIL7q2q7A,tuba/YuaIL7q2q7A,raw_videos/tuba/YuaIL7q2q7A.mp4,processed/tuba/YuaIL7q2q7A
tuba,NFYUBZuOThk,tuba/NFYUBZuOThk,raw_videos/tuba/NFYUBZuOThk.mp4,processed/tuba/NFYUBZuOThk
tuba,dsZeycVocfY,tuba/dsZeycVocfY,raw_videos/tuba/dsZeycVocfY.mp4,processed/tuba/dsZeycVocfY
tuba,HZORiGUrRU4,tuba/HZORiGUrRU4,raw_videos/tuba/HZORiGUrRU4.mp4,processed/tuba/HZORiGUrRU4
tuba,2s3W567t0a4,tuba/2s3W567t0a4,raw_videos/tuba/2s3W567t0a4.mp4,processed/tuba/2s3W567t0a4
tuba,luQfVXzHtrA,tuba/luQfVXzHtrA,raw_videos/tuba/luQfVXzHtrA.mp4,processed/tuba/luQfVXzHtrA
tuba,k7f4NBu9mRQ,tuba/k7f4NBu9mRQ,raw_videos/tuba/k7f4NBu9mRQ.mp4,processed/tuba/k7f4NBu9mRQ
tuba,2BEqdARibHg,tuba/2BEqdARibHg,raw_videos/tuba/2BEqdARibHg.mp4,processed/tuba/2BEqdARibHg
tuba,HCCKzRGqjGg,tuba/HCCKzRGqjGg,raw_videos/tuba/HCCKzRGqjGg.mp4,processed/tuba/HCCKzRGqjGg
tuba,aedYl9aYwr8,tuba/aedYl9aYwr8,raw_videos/tuba/aedYl9aYwr8.mp4,processed/tuba/aedYl9aYwr8
tuba,19vZQxgAb0U,tuba/19vZQxgAb0U,raw_videos/tuba/19vZQxgAb0U.mp4,processed/tuba/19vZQxgAb0U
tuba,KOEHoc0JxxA,tuba/KOEHoc0JxxA,raw_videos/tuba/KOEHoc0JxxA.mp4,processed/tuba/KOEHoc0JxxA
tuba,UDiBuDPv7JU,tuba/UDiBuDPv7JU,raw_videos/tuba/UDiBuDPv7JU.mp4,processed/tuba/UDiBuDPv7JU
tuba,TOVv_A7JIGQ,tuba/TOVv_A7JIGQ,raw_videos/tuba/TOVv_A7JIGQ.mp4,processed/tuba/TOVv_A7JIGQ
tuba,x-UjksLbZQk,tuba/x-UjksLbZQk,raw_videos/tuba/x-UjksLbZQk.mp4,processed/tuba/x-UjksLbZQk
tuba,f9cUlzWCcwk,tuba/f9cUlzWCcwk,raw_videos/tuba/f9cUlzWCcwk.mp4,processed/tuba/f9cUlzWCcwk
tuba,mwCFdy9WzEM,tuba/mwCFdy9WzEM,raw_videos/tuba/mwCFdy9WzEM.mp4,processed/tuba/mwCFdy9WzEM
tuba,f6NLRRRQG_I,tuba/f6NLRRRQG_I,raw_videos/tuba/f6NLRRRQG_I.mp4,processed/tuba/f6NLRRRQG_I
tuba,IGRfvpk-gAA,tuba/IGRfvpk-gAA,raw_videos/tuba/IGRfvpk-gAA.mp4,processed/tuba/IGRfvpk-gAA
tuba,RJ2PtgsTXbU,tuba/RJ2PtgsTXbU,raw_videos/tuba/RJ2PtgsTXbU.mp4,processed/tuba/RJ2PtgsTXbU
tuba,DdhYuaUKWKU,tuba/DdhYuaUKWKU,raw_videos/tuba/DdhYuaUKWKU.mp4,processed/tuba/DdhYuaUKWKU
tuba,4a5WeRsMqN0,tuba/4a5WeRsMqN0,raw_videos/tuba/4a5WeRsMqN0.mp4,processed/tuba/4a5WeRsMqN0
tuba,QaOBJdSAh8Y,tuba/QaOBJdSAh8Y,raw_videos/tuba/QaOBJdSAh8Y.mp4,processed/tuba/QaOBJdSAh8Y
tuba,H5Vu1j08IMA,tuba/H5Vu1j08IMA,raw_videos/tuba/H5Vu1j08IMA.mp4,processed/tuba/H5Vu1j08IMA
tuba,vnd2V_JSPMk,tuba/vnd2V_JSPMk,raw_videos/tuba/vnd2V_JSPMk.mp4,processed/tuba/vnd2V_JSPMk
tuba,AvWPz3pfo28,tuba/AvWPz3pfo28,raw_videos/tuba/AvWPz3pfo28.mp4,processed/tuba/AvWPz3pfo28
violin,P4KxMdjna0k,violin/P4KxMdjna0k,raw_videos/violin/P4KxMdjna0k.mp4,processed/violin/P4KxMdjna0k
violin,9dOqmTMqp1k,violin/9dOqmTMqp1k,raw_videos/violin/9dOqmTMqp1k.mp4,processed/violin/9dOqmTMqp1k
violin,KG-tXicVpsg,violin/KG-tXicVpsg,raw_videos/violin/KG-tXicVpsg.mp4,processed/violin/KG-tXicVpsg
violin,X2gQ8Jnk2P8,violin/X2gQ8Jnk2P8,raw_videos/violin/X2gQ8Jnk2P8.mp4,processed/violin/X2gQ8Jnk2P8
violin,2ZxAVUsuE4Y,violin/2ZxAVUsuE4Y,raw_videos/violin/2ZxAVUsuE4Y.mp4,processed/violin/2ZxAVUsuE4Y
violin,cMYr693e3Eo,violin/cMYr693e3Eo,raw_videos/violin/cMYr693e3Eo.mp4,processed/violin/cMYr693e3Eo
violin,MfzC4e3nD4I,violin/MfzC4e3nD4I,raw_videos/violin/MfzC4e3nD4I.mp4,processed/violin/MfzC4e3nD4I
violin,-tY40Ev8IzE,violin/-tY40Ev8IzE,raw_videos/violin/-tY40Ev8IzE.mp4,processed/violin/-tY40Ev8IzE
violin,lp4_79ooAQo,violin/lp4_79ooAQo,raw_videos/violin/lp4_79ooAQo.mp4,processed/violin/lp4_79ooAQo
violin,8mDNLCo1McQ,violin/8mDNLCo1McQ,raw_videos/violin/8mDNLCo1McQ.mp4,processed/violin/8mDNLCo1McQ
violin,DR03cfIsEts,violin/DR03cfIsEts,raw_videos/violin/DR03cfIsEts.mp4,processed/violin/DR03cfIsEts
violin,HyD1g1KDoEE,violin/HyD1g1KDoEE,raw_videos/violin/HyD1g1KDoEE.mp4,processed/violin/HyD1g1KDoEE
violin,rJF0fwLg4eg,violin/rJF0fwLg4eg,raw_videos/violin/rJF0fwLg4eg.mp4,processed/violin/rJF0fwLg4eg
violin,w81p5ty4OZc,violin/w81p5ty4OZc,raw_videos/violin/w81p5ty4OZc.mp4,processed/violin/w81p5ty4OZc
violin,yXKJiqOuvkA,violin/yXKJiqOuvkA,raw_videos/violin/yXKJiqOuvkA.mp4,processed/violin/yXKJiqOuvkA
violin,WjwOm5pJlI0,violin/WjwOm5pJlI0,raw_videos/violin/WjwOm5pJlI0.mp4,processed/violin/WjwOm5pJlI0
violin,BMhnTdy-A0M,violin/BMhnTdy-A0M,raw_videos/violin/BMhnTdy-A0M.mp4,processed/violin/BMhnTdy-A0M
violin,ICKS19qRRd4,violin/ICKS19qRRd4,raw_videos/violin/ICKS19qRRd4.mp4,processed/violin/ICKS19qRRd4
violin,-_jlqeSs6ZU,violin/-_jlqeSs6ZU,raw_videos/violin/-_jlqeSs6ZU.mp4,processed/violin/-_jlqeSs6ZU
violin,9g20WQ0WHn0,violin/9g20WQ0WHn0,raw_videos/violin/9g20WQ0WHn0.mp4,processed/violin/9g20WQ0WHn0
violin,VuDxLNdxl6I,violin/VuDxLNdxl6I,raw_videos/violin/VuDxLNdxl6I.mp4,processed/violin/VuDxLNdxl6I
violin,GysCM0WBZzM,violin/GysCM0WBZzM,raw_videos/violin/GysCM0WBZzM.mp4,processed/violin/GysCM0WBZzM
violin,10RkjPIguAY,violin/10RkjPIguAY,raw_videos/violin/10RkjPIguAY.mp4,processed/violin/10RkjPIguAY
violin,CaeZoHNHul0,violin/CaeZoHNHul0,raw_videos/violin/CaeZoHNHul0.mp4,processed/violin/CaeZoHNHul0
violin,bapfkDpaSGw,violin/bapfkDpaSGw,raw_videos/violin/bapfkDpaSGw.mp4,processed/violin/bapfkDpaSGw
violin,9kwbEUqCNbU,violin/9kwbEUqCNbU,raw_videos/violin/9kwbEUqCNbU.mp4,processed/violin/9kwbEUqCNbU
violin,ySFS1KgXerA,violin/ySFS1KgXerA,raw_videos/violin/ySFS1KgXerA.mp4,processed/violin/ySFS1KgXerA
violin,350gcE73hqY,violin/350gcE73hqY,raw_videos/violin/350gcE73hqY.mp4,processed/violin/350gcE73hqY
violin,rg41DcQAwWI,violin/rg41DcQAwWI,raw_videos/violin/rg41DcQAwWI.mp4,processed/violin/rg41DcQAwWI
violin,TOLoplXKr7U,violin/TOLoplXKr7U,raw_videos/violin/TOLoplXKr7U.mp4,processed/violin/TOLoplXKr7U
violin,vYr0vft28Tg,violin/vYr0vft28Tg,raw_videos/violin/vYr0vft28Tg.mp4,processed/violin/vYr0vft28Tg
violin,-L5Bo-mWKCI,violin/-L5Bo-mWKCI,raw_videos/violin/-L5Bo-mWKCI.mp4,processed/violin/-L5Bo-mWKCI
violin,-UoFXtE2eqk,violin/-UoFXtE2eqk,raw_videos/violin/-UoFXtE2eqk.mp4,processed/violin/-UoFXtE2eqk
violin,l7LptHCRkQU,violin/l7LptHCRkQU,raw_videos/violin/l7LptHCRkQU.mp4,processed/violin/l7LptHCRkQU
violin,X2hHGcwLPhs,violin/X2hHGcwLPhs,raw_videos/violin/X2hHGcwLPhs.mp4,processed/violin/X2hHGcwLPhs
violin,VtZXRWtp5G0,violin/VtZXRWtp5G0,raw_videos/violin/VtZXRWtp5G0.mp4,processed/violin/VtZXRWtp5G0
violin,ZFuLPm6-kVw,violin/ZFuLPm6-kVw,raw_videos/violin/ZFuLPm6-kVw.mp4,processed/violin/ZFuLPm6-kVw
violin,XlvlHfWjKx4,violin/XlvlHfWjKx4,raw_videos/violin/XlvlHfWjKx4.mp4,processed/violin/XlvlHfWjKx4
violin,41b8GUEx-OM,violin/41b8GUEx-OM,raw_videos/violin/41b8GUEx-OM.mp4,processed/violin/41b8GUEx-OM
violin,6uqTP6obYNM,violin/6uqTP6obYNM,raw_videos/violin/6uqTP6obYNM.mp4,processed/violin/6uqTP6obYNM
violin,rxr5tTH8_mM,violin/rxr5tTH8_mM,raw_videos/violin/rxr5tTH8_mM.mp4,processed/violin/rxr5tTH8_mM
violin,nyOkMXal0yA,violin/nyOkMXal0yA,raw_videos/violin/nyOkMXal0yA.mp4,processed/violin/nyOkMXal0yA
violin,TyMrlwmg5M4,violin/TyMrlwmg5M4,raw_videos/violin/TyMrlwmg5M4.mp4,processed/violin/TyMrlwmg5M4
violin,YK94q0Fwquc,violin/YK94q0Fwquc,raw_videos/violin/YK94q0Fwquc.mp4,processed/violin/YK94q0Fwquc
violin,kuNep98Fd8o,violin/kuNep98Fd8o,raw_videos/violin/kuNep98Fd8o.mp4,processed/violin/kuNep98Fd8o
violin,QqKlMPzQj7k,violin/QqKlMPzQj7k,raw_videos/violin/QqKlMPzQj7k.mp4,processed/violin/QqKlMPzQj7k
violin,85KcVDCQLfc,violin/85KcVDCQLfc,raw_videos/violin/85KcVDCQLfc.mp4,processed/violin/85KcVDCQLfc
violin,ZgGEuzLZw2E,violin/ZgGEuzLZw2E,raw_videos/violin/ZgGEuzLZw2E.mp4,processed/violin/ZgGEuzLZw2E
violin,pWGLb57zbz8,violin/pWGLb57zbz8,raw_videos/violin/pWGLb57zbz8.mp4,processed/violin/pWGLb57zbz8
violin,H-j5lp2QjEE,violin/H-j5lp2QjEE,raw_videos/violin/H-j5lp2QjEE.mp4,processed/violin/H-j5lp2QjEE
violin,K1LRscO7TSw,violin/K1LRscO7TSw,raw_videos/violin/K1LRscO7TSw.mp4,processed/violin/K1LRscO7TSw
violin,-5CDUnGu3jA,violin/-5CDUnGu3jA,raw_videos/violin/-5CDUnGu3jA.mp4,processed/violin/-5CDUnGu3jA
violin,MeAWoVYCPL8,violin/MeAWoVYCPL8,raw_videos/violin/MeAWoVYCPL8.mp4,processed/violin/MeAWoVYCPL8
violin,Gcrj3snFjJA,violin/Gcrj3snFjJA,raw_videos/violin/Gcrj3snFjJA.mp4,processed/violin/Gcrj3snFjJA
violin,v3aXbNnJ02E,violin/v3aXbNnJ02E,raw_videos/violin/v3aXbNnJ02E.mp4,processed/violin/v3aXbNnJ02E
violin,0jXXWBt5URw,violin/0jXXWBt5URw,raw_videos/violin/0jXXWBt5URw.mp4,processed/violin/0jXXWBt5URw
violin,Zx03Kl1kcUQ,violin/Zx03Kl1kcUQ,raw_videos/violin/Zx03Kl1kcUQ.mp4,processed/violin/Zx03Kl1kcUQ
violin,Y8BCt1V3_NU,violin/Y8BCt1V3_NU,raw_videos/violin/Y8BCt1V3_NU.mp4,processed/violin/Y8BCt1V3_NU
violin,OH0QAds4_jk,violin/OH0QAds4_jk,raw_videos/violin/OH0QAds4_jk.mp4,processed/violin/OH0QAds4_jk
violin,x9gGLYCeH2Q,violin/x9gGLYCeH2Q,raw_videos/violin/x9gGLYCeH2Q.mp4,processed/violin/x9gGLYCeH2Q
violin,nGahnuCyYeo,violin/nGahnuCyYeo,raw_videos/violin/nGahnuCyYeo.mp4,processed/violin/nGahnuCyYeo
violin,dTApdk9eCVU,violin/dTApdk9eCVU,raw_videos/violin/dTApdk9eCVU.mp4,processed/violin/dTApdk9eCVU
violin,k6QwuL0UWEI,violin/k6QwuL0UWEI,raw_videos/violin/k6QwuL0UWEI.mp4,processed/violin/k6QwuL0UWEI
violin,2bt0yL69XNA,violin/2bt0yL69XNA,raw_videos/violin/2bt0yL69XNA.mp4,processed/violin/2bt0yL69XNA
violin,9OZHbvWdBbQ,violin/9OZHbvWdBbQ,raw_videos/violin/9OZHbvWdBbQ.mp4,processed/violin/9OZHbvWdBbQ
violin,BESmGa46RjM,violin/BESmGa46RjM,raw_videos/violin/BESmGa46RjM.mp4,processed/violin/BESmGa46RjM
violin,X1lU6gTCc2E,violin/X1lU6gTCc2E,raw_videos/violin/X1lU6gTCc2E.mp4,processed/violin/X1lU6gTCc2E
violin,ix7UM33C3aE,violin/ix7UM33C3aE,raw_videos/violin/ix7UM33C3aE.mp4,processed/violin/ix7UM33C3aE
violin,_Xa4Ql-O53U,violin/_Xa4Ql-O53U,raw_videos/violin/_Xa4Ql-O53U.mp4,processed/violin/_Xa4Ql-O53U
violin,2N3FBTcMD3o,violin/2N3FBTcMD3o,raw_videos/violin/2N3FBTcMD3o.mp4,processed/violin/2N3FBTcMD3o
violin,EzgUGrEtdhU,violin/EzgUGrEtdhU,raw_videos/violin/EzgUGrEtdhU.mp4,processed/violin/EzgUGrEtdhU
violin,Kyvnz6ZKVY8,violin/Kyvnz6ZKVY8,raw_videos/violin/Kyvnz6ZKVY8.mp4,processed/violin/Kyvnz6ZKVY8
violin,LTlVPKnA7bs,violin/LTlVPKnA7bs,raw_videos/violin/LTlVPKnA7bs.mp4,processed/violin/LTlVPKnA7bs
violin,4K7AlAXMtxY,violin/4K7AlAXMtxY,raw_videos/violin/4K7AlAXMtxY.mp4,processed/violin/4K7AlAXMtxY
violin,9Wq3qhS35VM,violin/9Wq3qhS35VM,raw_videos/violin/9Wq3qhS35VM.mp4,processed/violin/9Wq3qhS35VM
violin,CDUeVvAlCDI,violin/CDUeVvAlCDI,raw_videos/violin/CDUeVvAlCDI.mp4,processed/violin/CDUeVvAlCDI
violin,SYn_g6ZlwOs,violin/SYn_g6ZlwOs,raw_videos/violin/SYn_g6ZlwOs.mp4,processed/violin/SYn_g6ZlwOs
violin,ZOVdXr_P02M,violin/ZOVdXr_P02M,raw_videos/violin/ZOVdXr_P02M.mp4,processed/violin/ZOVdXr_P02M
violin,p0uZKlizdMY,violin/p0uZKlizdMY,raw_videos/violin/p0uZKlizdMY.mp4,processed/violin/p0uZKlizdMY
violin,PrtmoeWJanM,violin/PrtmoeWJanM,raw_videos/violin/PrtmoeWJanM.mp4,processed/violin/PrtmoeWJanM
violin,psgi8W_FLKs,violin/psgi8W_FLKs,raw_videos/violin/psgi8W_FLKs.mp4,processed/violin/psgi8W_FLKs
violin,0ledWa79naw,violin/0ledWa79naw,raw_videos/violin/0ledWa79naw.mp4,processed/violin/0ledWa79naw
violin,97fue7r1DRo,violin/97fue7r1DRo,raw_videos/violin/97fue7r1DRo.mp4,processed/violin/97fue7r1DRo
violin,Ud46pORtUwc,violin/Ud46pORtUwc,raw_videos/violin/Ud46pORtUwc.mp4,processed/violin/Ud46pORtUwc
violin,vwUpnykZ0AE,violin/vwUpnykZ0AE,raw_videos/violin/vwUpnykZ0AE.mp4,processed/violin/vwUpnykZ0AE
violin,Y9gz0qsqee4,violin/Y9gz0qsqee4,raw_videos/violin/Y9gz0qsqee4.mp4,processed/violin/Y9gz0qsqee4
violin,xlCU6YS-gUs,violin/xlCU6YS-gUs,raw_videos/violin/xlCU6YS-gUs.mp4,processed/violin/xlCU6YS-gUs
violin,ARnAIrxxFB4,violin/ARnAIrxxFB4,raw_videos/violin/ARnAIrxxFB4.mp4,processed/violin/ARnAIrxxFB4
violin,39lb5X9wNo0,violin/39lb5X9wNo0,raw_videos/violin/39lb5X9wNo0.mp4,processed/violin/39lb5X9wNo0
violin,DR03cfIsEts,violin/DR03cfIsEts,raw_videos/violin/DR03cfIsEts.mp4,processed/violin/DR03cfIsEts
violin,EaFHUBK2Su0,violin/EaFHUBK2Su0,raw_videos/violin/EaFHUBK2Su0.mp4,processed/violin/EaFHUBK2Su0
violin,r182j1XV5FI,violin/r182j1XV5FI,raw_videos/violin/r182j1XV5FI.mp4,processed/violin/r182j1XV5FI
violin,qpsTg7gTQhg,violin/qpsTg7gTQhg,raw_videos/violin/qpsTg7gTQhg.mp4,processed/violin/qpsTg7gTQhg
violin,yIc4fxTSlqQ,violin/yIc4fxTSlqQ,raw_videos/violin/yIc4fxTSlqQ.mp4,processed/violin/yIc4fxTSlqQ
violin,2mEb8X7WlnI,violin/2mEb8X7WlnI,raw_videos/violin/2mEb8X7WlnI.mp4,processed/violin/2mEb8X7WlnI
violin,PR60h-pHWuI,violin/PR60h-pHWuI,raw_videos/violin/PR60h-pHWuI.mp4,processed/violin/PR60h-pHWuI
violin,X_APNDUZoWg,violin/X_APNDUZoWg,raw_videos/violin/X_APNDUZoWg.mp4,processed/violin/X_APNDUZoWg
violin,RG7rx3BO6JY,violin/RG7rx3BO6JY,raw_videos/violin/RG7rx3BO6JY.mp4,processed/violin/RG7rx3BO6JY
violin,XojKQywZc6Q,violin/XojKQywZc6Q,raw_videos/violin/XojKQywZc6Q.mp4,processed/violin/XojKQywZc6Q
violin,TRExQm8_-kY,violin/TRExQm8_-kY,raw_videos/violin/TRExQm8_-kY.mp4,processed/violin/TRExQm8_-kY
violin,13m-zYJ0fT0,violin/13m-zYJ0fT0,raw_videos/violin/13m-zYJ0fT0.mp4,processed/violin/13m-zYJ0fT0
violin,vOwEFjzQSjM,violin/vOwEFjzQSjM,raw_videos/violin/vOwEFjzQSjM.mp4,processed/violin/vOwEFjzQSjM
violin,KCGZwaAZ5Kc,violin/KCGZwaAZ5Kc,raw_videos/violin/KCGZwaAZ5Kc.mp4,processed/violin/KCGZwaAZ5Kc
violin,VXg2Mp-uARU,violin/VXg2Mp-uARU,raw_videos/violin/VXg2Mp-uARU.mp4,processed/violin/VXg2Mp-uARU
violin,ntRHg5a98LE,violin/ntRHg5a98LE,raw_videos/violin/ntRHg5a98LE.mp4,processed/violin/ntRHg5a98LE
violin,fNVKEoU7NGI,violin/fNVKEoU7NGI,raw_videos/violin/fNVKEoU7NGI.mp4,processed/violin/fNVKEoU7NGI
violin,ti5zm0_93YM,violin/ti5zm0_93YM,raw_videos/violin/ti5zm0_93YM.mp4,processed/violin/ti5zm0_93YM
violin,LTHXJN5HWSY,violin/LTHXJN5HWSY,raw_videos/violin/LTHXJN5HWSY.mp4,processed/violin/LTHXJN5HWSY
violin,rgAOzwVYfs8,violin/rgAOzwVYfs8,raw_videos/violin/rgAOzwVYfs8.mp4,processed/violin/rgAOzwVYfs8
violin,vBfvYmXSBFw,violin/vBfvYmXSBFw,raw_videos/violin/vBfvYmXSBFw.mp4,processed/violin/vBfvYmXSBFw
violin,wte-4kI3zUM,violin/wte-4kI3zUM,raw_videos/violin/wte-4kI3zUM.mp4,processed/violin/wte-4kI3zUM
violin,hwBKycPGZRA,violin/hwBKycPGZRA,raw_videos/violin/hwBKycPGZRA.mp4,processed/violin/hwBKycPGZRA
violin,CbW9_m_64js,violin/CbW9_m_64js,raw_videos/violin/CbW9_m_64js.mp4,processed/violin/CbW9_m_64js
violin,O84nVqFQErI,violin/O84nVqFQErI,raw_videos/violin/O84nVqFQErI.mp4,processed/violin/O84nVqFQErI
violin,BndlyUClA70,violin/BndlyUClA70,raw_videos/violin/BndlyUClA70.mp4,processed/violin/BndlyUClA70
violin,X5I9rF7TJRw,violin/X5I9rF7TJRw,raw_videos/violin/X5I9rF7TJRw.mp4,processed/violin/X5I9rF7TJRw
violin,7cBvpzHbtCo,violin/7cBvpzHbtCo,raw_videos/violin/7cBvpzHbtCo.mp4,processed/violin/7cBvpzHbtCo
violin,iIlIxhG3eLc,violin/iIlIxhG3eLc,raw_videos/violin/iIlIxhG3eLc.mp4,processed/violin/iIlIxhG3eLc
violin,DLhEpo4lNPU,violin/DLhEpo4lNPU,raw_videos/violin/DLhEpo4lNPU.mp4,processed/violin/DLhEpo4lNPU
violin,56JGOgb-yOk,violin/56JGOgb-yOk,raw_videos/violin/56JGOgb-yOk.mp4,processed/violin/56JGOgb-yOk
violin,JByLsqhRL_0,violin/JByLsqhRL_0,raw_videos/violin/JByLsqhRL_0.mp4,processed/violin/JByLsqhRL_0
violin,Q9RdwLffu8g,violin/Q9RdwLffu8g,raw_videos/violin/Q9RdwLffu8g.mp4,processed/violin/Q9RdwLffu8g
violin,k56bNn8lUwU,violin/k56bNn8lUwU,raw_videos/violin/k56bNn8lUwU.mp4,processed/violin/k56bNn8lUwU
violin,MKlqpu92ZGE,violin/MKlqpu92ZGE,raw_videos/violin/MKlqpu92ZGE.mp4,processed/violin/MKlqpu92ZGE
violin,rfZiQi-Z458,violin/rfZiQi-Z458,raw_videos/violin/rfZiQi-Z458.mp4,processed/violin/rfZiQi-Z458
violin,4BYR2Nhqh_g,violin/4BYR2Nhqh_g,raw_videos/violin/4BYR2Nhqh_g.mp4,processed/violin/4BYR2Nhqh_g
violin,zQXjj6zcoF8,violin/zQXjj6zcoF8,raw_videos/violin/zQXjj6zcoF8.mp4,processed/violin/zQXjj6zcoF8
violin,J6p5pjDEgSA,violin/J6p5pjDEgSA,raw_videos/violin/J6p5pjDEgSA.mp4,processed/violin/J6p5pjDEgSA
violin,S8z1xcHHpAs,violin/S8z1xcHHpAs,raw_videos/violin/S8z1xcHHpAs.mp4,processed/violin/S8z1xcHHpAs
violin,0YmH2trQAtQ,violin/0YmH2trQAtQ,raw_videos/violin/0YmH2trQAtQ.mp4,processed/violin/0YmH2trQAtQ
violin,930ZJ5SLFWU,violin/930ZJ5SLFWU,raw_videos/violin/930ZJ5SLFWU.mp4,processed/violin/930ZJ5SLFWU
violin,fC6p0MRp-s4,violin/fC6p0MRp-s4,raw_videos/violin/fC6p0MRp-s4.mp4,processed/violin/fC6p0MRp-s4
violin,2rAVwlMaGBs,violin/2rAVwlMaGBs,raw_videos/violin/2rAVwlMaGBs.mp4,processed/violin/2rAVwlMaGBs
violin,TfLmC4Xg9Ps,violin/TfLmC4Xg9Ps,raw_videos/violin/TfLmC4Xg9Ps.mp4,processed/violin/TfLmC4Xg9Ps
violin,doswEM_iBws,violin/doswEM_iBws,raw_videos/violin/doswEM_iBws.mp4,processed/violin/doswEM_iBws
violin,UAn6kidytZs,violin/UAn6kidytZs,raw_videos/violin/UAn6kidytZs.mp4,processed/violin/UAn6kidytZs
violin,SLnQiMtTv2o,violin/SLnQiMtTv2o,raw_videos/violin/SLnQiMtTv2o.mp4,processed/violin/SLnQiMtTv2o
violin,CTBf60PFQsw,violin/CTBf60PFQsw,raw_videos/violin/CTBf60PFQsw.mp4,processed/violin/CTBf60PFQsw
violin,SznJP_Wt57c,violin/SznJP_Wt57c,raw_videos/violin/SznJP_Wt57c.mp4,processed/violin/SznJP_Wt57c
violin,LWeXlX0z9RE,violin/LWeXlX0z9RE,raw_videos/violin/LWeXlX0z9RE.mp4,processed/violin/LWeXlX0z9RE
violin,W8GEqwWDeNs,violin/W8GEqwWDeNs,raw_videos/violin/W8GEqwWDeNs.mp4,processed/violin/W8GEqwWDeNs
violin,v_D3rArEOq0,violin/v_D3rArEOq0,raw_videos/violin/v_D3rArEOq0.mp4,processed/violin/v_D3rArEOq0
violin,EGIDXn0ZHeY,violin/EGIDXn0ZHeY,raw_videos/violin/EGIDXn0ZHeY.mp4,processed/violin/EGIDXn0ZHeY
violin,2b-tsdffaSE,violin/2b-tsdffaSE,raw_videos/violin/2b-tsdffaSE.mp4,processed/violin/2b-tsdffaSE
violin,-Nar6mejV2U,violin/-Nar6mejV2U,raw_videos/violin/-Nar6mejV2U.mp4,processed/violin/-Nar6mejV2U
violin,aGDSB2HwS6Q,violin/aGDSB2HwS6Q,raw_videos/violin/aGDSB2HwS6Q.mp4,processed/violin/aGDSB2HwS6Q
violin,hFSkpjVxNmk,violin/hFSkpjVxNmk,raw_videos/violin/hFSkpjVxNmk.mp4,processed/violin/hFSkpjVxNmk
violin,i3Uw89xI54s,violin/i3Uw89xI54s,raw_videos/violin/i3Uw89xI54s.mp4,processed/violin/i3Uw89xI54s
violin,yBeHOA0kdrg,violin/yBeHOA0kdrg,raw_videos/violin/yBeHOA0kdrg.mp4,processed/violin/yBeHOA0kdrg
violin,WJ5zzUoGCKw,violin/WJ5zzUoGCKw,raw_videos/violin/WJ5zzUoGCKw.mp4,processed/violin/WJ5zzUoGCKw
violin,rjr8lHyAD9g,violin/rjr8lHyAD9g,raw_videos/violin/rjr8lHyAD9g.mp4,processed/violin/rjr8lHyAD9g
violin,WCUiDsKX8aQ,violin/WCUiDsKX8aQ,raw_videos/violin/WCUiDsKX8aQ.mp4,processed/violin/WCUiDsKX8aQ
violin,_AydsYrZJTU,violin/_AydsYrZJTU,raw_videos/violin/_AydsYrZJTU.mp4,processed/violin/_AydsYrZJTU
violin,fX1QgoN8WiA,violin/fX1QgoN8WiA,raw_videos/violin/fX1QgoN8WiA.mp4,processed/violin/fX1QgoN8WiA
violin,m9dzdEGfVls,violin/m9dzdEGfVls,raw_videos/violin/m9dzdEGfVls.mp4,processed/violin/m9dzdEGfVls
violin,--LAIdQvUVY,violin/--LAIdQvUVY,raw_videos/violin/--LAIdQvUVY.mp4,processed/violin/--LAIdQvUVY
violin,GcGuhlr24lM,violin/GcGuhlr24lM,raw_videos/violin/GcGuhlr24lM.mp4,processed/violin/GcGuhlr24lM
violin,FsbREtQfmLM,violin/FsbREtQfmLM,raw_videos/violin/FsbREtQfmLM.mp4,processed/violin/FsbREtQfmLM
violin,H1bX4bU-ERs,violin/H1bX4bU-ERs,raw_videos/violin/H1bX4bU-ERs.mp4,processed/violin/H1bX4bU-ERs
violin,6GWE7pt-vfM,violin/6GWE7pt-vfM,raw_videos/violin/6GWE7pt-vfM.mp4,processed/violin/6GWE7pt-vfM
violin,bZj5m2ZW7bY,violin/bZj5m2ZW7bY,raw_videos/violin/bZj5m2ZW7bY.mp4,processed/violin/bZj5m2ZW7bY
violin,lIgywgsXpFU,violin/lIgywgsXpFU,raw_videos/violin/lIgywgsXpFU.mp4,processed/violin/lIgywgsXpFU
violin,yWiWkSbhYEw,violin/yWiWkSbhYEw,raw_videos/violin/yWiWkSbhYEw.mp4,processed/violin/yWiWkSbhYEw
violin,5cvOyyDx2YI,violin/5cvOyyDx2YI,raw_videos/violin/5cvOyyDx2YI.mp4,processed/violin/5cvOyyDx2YI
violin,QHR-UcEaLpI,violin/QHR-UcEaLpI,raw_videos/violin/QHR-UcEaLpI.mp4,processed/violin/QHR-UcEaLpI
violin,KuNEE64-Jzs,violin/KuNEE64-Jzs,raw_videos/violin/KuNEE64-Jzs.mp4,processed/violin/KuNEE64-Jzs
violin,4ikDwQFhXn0,violin/4ikDwQFhXn0,raw_videos/violin/4ikDwQFhXn0.mp4,processed/violin/4ikDwQFhXn0
violin,kBNtDizXNHE,violin/kBNtDizXNHE,raw_videos/violin/kBNtDizXNHE.mp4,processed/violin/kBNtDizXNHE
violin,GcGuhlr24lM,violin/GcGuhlr24lM,raw_videos/violin/GcGuhlr24lM.mp4,processed/violin/GcGuhlr24lM
violin,QRVeQJLo7w0,violin/QRVeQJLo7w0,raw_videos/violin/QRVeQJLo7w0.mp4,processed/violin/QRVeQJLo7w0
violin,VoevIlNwdZg,violin/VoevIlNwdZg,raw_videos/violin/VoevIlNwdZg.mp4,processed/violin/VoevIlNwdZg
violin,k2lmJq0y_Wg,violin/k2lmJq0y_Wg,raw_videos/violin/k2lmJq0y_Wg.mp4,processed/violin/k2lmJq0y_Wg
violin,66SO5c6wxwg,violin/66SO5c6wxwg,raw_videos/violin/66SO5c6wxwg.mp4,processed/violin/66SO5c6wxwg
violin,3Lcy3EB44Qw,violin/3Lcy3EB44Qw,raw_videos/violin/3Lcy3EB44Qw.mp4,processed/violin/3Lcy3EB44Qw
violin,GrTq-noB9Kk,violin/GrTq-noB9Kk,raw_videos/violin/GrTq-noB9Kk.mp4,processed/violin/GrTq-noB9Kk
violin,4x3N1_fT51k,violin/4x3N1_fT51k,raw_videos/violin/4x3N1_fT51k.mp4,processed/violin/4x3N1_fT51k
violin,AiKnElVNhx4,violin/AiKnElVNhx4,raw_videos/violin/AiKnElVNhx4.mp4,processed/violin/AiKnElVNhx4
violin,0EXdGttNuV8,violin/0EXdGttNuV8,raw_videos/violin/0EXdGttNuV8.mp4,processed/violin/0EXdGttNuV8
violin,AYRJOlIBRgc,violin/AYRJOlIBRgc,raw_videos/violin/AYRJOlIBRgc.mp4,processed/violin/AYRJOlIBRgc
violin,l6gpxc1nLII,violin/l6gpxc1nLII,raw_videos/violin/l6gpxc1nLII.mp4,processed/violin/l6gpxc1nLII
violin,9mIUEN1GIRw,violin/9mIUEN1GIRw,raw_videos/violin/9mIUEN1GIRw.mp4,processed/violin/9mIUEN1GIRw
violin,feuPu-011XE,violin/feuPu-011XE,raw_videos/violin/feuPu-011XE.mp4,processed/violin/feuPu-011XE
violin,0kVZuF8fmHs,violin/0kVZuF8fmHs,raw_videos/violin/0kVZuF8fmHs.mp4,processed/violin/0kVZuF8fmHs
violin,DuNeGzVjl2k,violin/DuNeGzVjl2k,raw_videos/violin/DuNeGzVjl2k.mp4,processed/violin/DuNeGzVjl2k
violin,4YD2MGZRtUw,violin/4YD2MGZRtUw,raw_videos/violin/4YD2MGZRtUw.mp4,processed/violin/4YD2MGZRtUw
violin,nH2EkEG_4F4,violin/nH2EkEG_4F4,raw_videos/violin/nH2EkEG_4F4.mp4,processed/violin/nH2EkEG_4F4
violin,N5dP133S2zg,violin/N5dP133S2zg,raw_videos/violin/N5dP133S2zg.mp4,processed/violin/N5dP133S2zg
violin,TiEmxGGJEBQ,violin/TiEmxGGJEBQ,raw_videos/violin/TiEmxGGJEBQ.mp4,processed/violin/TiEmxGGJEBQ
violin,VmeJSKGOZBo,violin/VmeJSKGOZBo,raw_videos/violin/VmeJSKGOZBo.mp4,processed/violin/VmeJSKGOZBo
violin,hcdVejbOsYQ,violin/hcdVejbOsYQ,raw_videos/violin/hcdVejbOsYQ.mp4,processed/violin/hcdVejbOsYQ
violin,xCv3je8stYU,violin/xCv3je8stYU,raw_videos/violin/xCv3je8stYU.mp4,processed/violin/xCv3je8stYU
violin,FJiXGtgIaT8,violin/FJiXGtgIaT8,raw_videos/violin/FJiXGtgIaT8.mp4,processed/violin/FJiXGtgIaT8
violin,u8Mx1-JDtZw,violin/u8Mx1-JDtZw,raw_videos/violin/u8Mx1-JDtZw.mp4,processed/violin/u8Mx1-JDtZw
violin,ycQ1UueUxO8,violin/ycQ1UueUxO8,raw_videos/violin/ycQ1UueUxO8.mp4,processed/violin/ycQ1UueUxO8
violin,j61tsN1w4O0,violin/j61tsN1w4O0,raw_videos/violin/j61tsN1w4O0.mp4,processed/violin/j61tsN1w4O0
violin,7U0fLPy8GzE,violin/7U0fLPy8GzE,raw_videos/violin/7U0fLPy8GzE.mp4,processed/violin/7U0fLPy8GzE
violin,nd-MKoVP9SE,violin/nd-MKoVP9SE,raw_videos/violin/nd-MKoVP9SE.mp4,processed/violin/nd-MKoVP9SE
violin,9qreC5u0VIM,violin/9qreC5u0VIM,raw_videos/violin/9qreC5u0VIM.mp4,processed/violin/9qreC5u0VIM
violin,Acy9FggHLjk,violin/Acy9FggHLjk,raw_videos/violin/Acy9FggHLjk.mp4,processed/violin/Acy9FggHLjk
violin,uawgrbrUFxQ,violin/uawgrbrUFxQ,raw_videos/violin/uawgrbrUFxQ.mp4,processed/violin/uawgrbrUFxQ
violin,9NkvHFPYvIA,violin/9NkvHFPYvIA,raw_videos/violin/9NkvHFPYvIA.mp4,processed/violin/9NkvHFPYvIA
violin,gZlBWQotDFY,violin/gZlBWQotDFY,raw_videos/violin/gZlBWQotDFY.mp4,processed/violin/gZlBWQotDFY
violin,26djv3t2j2E,violin/26djv3t2j2E,raw_videos/violin/26djv3t2j2E.mp4,processed/violin/26djv3t2j2E
violin,znh7veCZ0Ys,violin/znh7veCZ0Ys,raw_videos/violin/znh7veCZ0Ys.mp4,processed/violin/znh7veCZ0Ys
violin,sxGonQVA09o,violin/sxGonQVA09o,raw_videos/violin/sxGonQVA09o.mp4,processed/violin/sxGonQVA09o
violin,cdl07snvMmg,violin/cdl07snvMmg,raw_videos/violin/cdl07snvMmg.mp4,processed/violin/cdl07snvMmg
violin,EXYH5Qpy5e0,violin/EXYH5Qpy5e0,raw_videos/violin/EXYH5Qpy5e0.mp4,processed/violin/EXYH5Qpy5e0
violin,Joi5xMc8In4,violin/Joi5xMc8In4,raw_videos/violin/Joi5xMc8In4.mp4,processed/violin/Joi5xMc8In4
violin,H2wVD3r0z7s,violin/H2wVD3r0z7s,raw_videos/violin/H2wVD3r0z7s.mp4,processed/violin/H2wVD3r0z7s
violin,LS0W_B-kGHs,violin/LS0W_B-kGHs,raw_videos/violin/LS0W_B-kGHs.mp4,processed/violin/LS0W_B-kGHs
violin,vPABtZDyed8,violin/vPABtZDyed8,raw_videos/violin/vPABtZDyed8.mp4,processed/violin/vPABtZDyed8
violin,GqYW7qSVKXo,violin/GqYW7qSVKXo,raw_videos/violin/GqYW7qSVKXo.mp4,processed/violin/GqYW7qSVKXo
violin,8uzLb6i-kU8,violin/8uzLb6i-kU8,raw_videos/violin/8uzLb6i-kU8.mp4,processed/violin/8uzLb6i-kU8
xylophone,GezwOJW568A,xylophone/GezwOJW568A,raw_videos/xylophone/GezwOJW568A.mp4,processed/xylophone/GezwOJW568A
xylophone,loCRmBvtHZ4,xylophone/loCRmBvtHZ4,raw_videos/xylophone/loCRmBvtHZ4.mp4,processed/xylophone/loCRmBvtHZ4
xylophone,apWmZcw_AMs,xylophone/apWmZcw_AMs,raw_videos/xylophone/apWmZcw_AMs.mp4,processed/xylophone/apWmZcw_AMs
xylophone,2kBkI6f1X_s,xylophone/2kBkI6f1X_s,raw_videos/xylophone/2kBkI6f1X_s.mp4,processed/xylophone/2kBkI6f1X_s
xylophone,nBHt2QYgzsY,xylophone/nBHt2QYgzsY,raw_videos/xylophone/nBHt2QYgzsY.mp4,processed/xylophone/nBHt2QYgzsY
xylophone,Xx0Haa8Fk2o,xylophone/Xx0Haa8Fk2o,raw_videos/xylophone/Xx0Haa8Fk2o.mp4,processed/xylophone/Xx0Haa8Fk2o
xylophone,GF-3c8hBi9I,xylophone/GF-3c8hBi9I,raw_videos/xylophone/GF-3c8hBi9I.mp4,processed/xylophone/GF-3c8hBi9I
xylophone,R1sba2e-tqE,xylophone/R1sba2e-tqE,raw_videos/xylophone/R1sba2e-tqE.mp4,processed/xylophone/R1sba2e-tqE
xylophone,KPTyodoU2ng,xylophone/KPTyodoU2ng,raw_videos/xylophone/KPTyodoU2ng.mp4,processed/xylophone/KPTyodoU2ng
xylophone,QoFHDWgxD9w,xylophone/QoFHDWgxD9w,raw_videos/xylophone/QoFHDWgxD9w.mp4,processed/xylophone/QoFHDWgxD9w
xylophone,DGn7xcsxMPk,xylophone/DGn7xcsxMPk,raw_videos/xylophone/DGn7xcsxMPk.mp4,processed/xylophone/DGn7xcsxMPk
xylophone,Jd5heRezP5s,xylophone/Jd5heRezP5s,raw_videos/xylophone/Jd5heRezP5s.mp4,processed/xylophone/Jd5heRezP5s
xylophone,EHKq3-zwphs,xylophone/EHKq3-zwphs,raw_videos/xylophone/EHKq3-zwphs.mp4,processed/xylophone/EHKq3-zwphs
xylophone,Z36VEiqi02Y,xylophone/Z36VEiqi02Y,raw_videos/xylophone/Z36VEiqi02Y.mp4,processed/xylophone/Z36VEiqi02Y
xylophone,McMd-s4XpZk,xylophone/McMd-s4XpZk,raw_videos/xylophone/McMd-s4XpZk.mp4,processed/xylophone/McMd-s4XpZk
xylophone,-XAsXmbExkE,xylophone/-XAsXmbExkE,raw_videos/xylophone/-XAsXmbExkE.mp4,processed/xylophone/-XAsXmbExkE
xylophone,Sw8346DYwME,xylophone/Sw8346DYwME,raw_videos/xylophone/Sw8346DYwME.mp4,processed/xylophone/Sw8346DYwME
xylophone,KSwJUA3zbec,xylophone/KSwJUA3zbec,raw_videos/xylophone/KSwJUA3zbec.mp4,processed/xylophone/KSwJUA3zbec
xylophone,JbGvqve_JH0,xylophone/JbGvqve_JH0,raw_videos/xylophone/JbGvqve_JH0.mp4,processed/xylophone/JbGvqve_JH0
xylophone,MpnH7ZHwYwA,xylophone/MpnH7ZHwYwA,raw_videos/xylophone/MpnH7ZHwYwA.mp4,processed/xylophone/MpnH7ZHwYwA
xylophone,Lp9rAMPaqLQ,xylophone/Lp9rAMPaqLQ,raw_videos/xylophone/Lp9rAMPaqLQ.mp4,processed/xylophone/Lp9rAMPaqLQ
xylophone,894n_sDSEc0,xylophone/894n_sDSEc0,raw_videos/xylophone/894n_sDSEc0.mp4,processed/xylophone/894n_sDSEc0
xylophone,qLLwSb9YX5g,xylophone/qLLwSb9YX5g,raw_videos/xylophone/qLLwSb9YX5g.mp4,processed/xylophone/qLLwSb9YX5g
xylophone,oQJVBH6ST7o,xylophone/oQJVBH6ST7o,raw_videos/xylophone/oQJVBH6ST7o.mp4,processed/xylophone/oQJVBH6ST7o
xylophone,WDoDLGK7zQo,xylophone/WDoDLGK7zQo,raw_videos/xylophone/WDoDLGK7zQo.mp4,processed/xylophone/WDoDLGK7zQo
xylophone,0o22Fy2Hr3s,xylophone/0o22Fy2Hr3s,raw_videos/xylophone/0o22Fy2Hr3s.mp4,processed/xylophone/0o22Fy2Hr3s
xylophone,NdzCe7COROw,xylophone/NdzCe7COROw,raw_videos/xylophone/NdzCe7COROw.mp4,processed/xylophone/NdzCe7COROw
xylophone,VcEhFKOTF7A,xylophone/VcEhFKOTF7A,raw_videos/xylophone/VcEhFKOTF7A.mp4,processed/xylophone/VcEhFKOTF7A
xylophone,5p7L6Ufypuk,xylophone/5p7L6Ufypuk,raw_videos/xylophone/5p7L6Ufypuk.mp4,processed/xylophone/5p7L6Ufypuk
xylophone,lVpWbUIW0gY,xylophone/lVpWbUIW0gY,raw_videos/xylophone/lVpWbUIW0gY.mp4,processed/xylophone/lVpWbUIW0gY
xylophone,-0gYWIOfqdM,xylophone/-0gYWIOfqdM,raw_videos/xylophone/-0gYWIOfqdM.mp4,processed/xylophone/-0gYWIOfqdM
xylophone,fhf2cx9t4vY,xylophone/fhf2cx9t4vY,raw_videos/xylophone/fhf2cx9t4vY.mp4,processed/xylophone/fhf2cx9t4vY
xylophone,BwDQ9VIW74Q,xylophone/BwDQ9VIW74Q,raw_videos/xylophone/BwDQ9VIW74Q.mp4,processed/xylophone/BwDQ9VIW74Q
xylophone,c-Yr5qyCefA,xylophone/c-Yr5qyCefA,raw_videos/xylophone/c-Yr5qyCefA.mp4,processed/xylophone/c-Yr5qyCefA
xylophone,fhzqzm0dYuE,xylophone/fhzqzm0dYuE,raw_videos/xylophone/fhzqzm0dYuE.mp4,processed/xylophone/fhzqzm0dYuE
xylophone,91MhpKVea30,xylophone/91MhpKVea30,raw_videos/xylophone/91MhpKVea30.mp4,processed/xylophone/91MhpKVea30
xylophone,OZDN7VkC6AY,xylophone/OZDN7VkC6AY,raw_videos/xylophone/OZDN7VkC6AY.mp4,processed/xylophone/OZDN7VkC6AY
xylophone,XmjMGVv3TLk,xylophone/XmjMGVv3TLk,raw_videos/xylophone/XmjMGVv3TLk.mp4,processed/xylophone/XmjMGVv3TLk
xylophone,PF9PrzmkR2Q,xylophone/PF9PrzmkR2Q,raw_videos/xylophone/PF9PrzmkR2Q.mp4,processed/xylophone/PF9PrzmkR2Q
xylophone,Jtq-HDS3Zdc,xylophone/Jtq-HDS3Zdc,raw_videos/xylophone/Jtq-HDS3Zdc.mp4,processed/xylophone/Jtq-HDS3Zdc
xylophone,9fOU26yd0Pw,xylophone/9fOU26yd0Pw,raw_videos/xylophone/9fOU26yd0Pw.mp4,processed/xylophone/9fOU26yd0Pw
xylophone,Wrh94KyWvpU,xylophone/Wrh94KyWvpU,raw_videos/xylophone/Wrh94KyWvpU.mp4,processed/xylophone/Wrh94KyWvpU
xylophone,lJfi82vd9eI,xylophone/lJfi82vd9eI,raw_videos/xylophone/lJfi82vd9eI.mp4,processed/xylophone/lJfi82vd9eI
xylophone,6I846oP0E7Q,xylophone/6I846oP0E7Q,raw_videos/xylophone/6I846oP0E7Q.mp4,processed/xylophone/6I846oP0E7Q
xylophone,ag7eC_pVobo,xylophone/ag7eC_pVobo,raw_videos/xylophone/ag7eC_pVobo.mp4,processed/xylophone/ag7eC_pVobo
xylophone,JkhKTTB0YB8,xylophone/JkhKTTB0YB8,raw_videos/xylophone/JkhKTTB0YB8.mp4,processed/xylophone/JkhKTTB0YB8
xylophone,dpnBlIZGyJA,xylophone/dpnBlIZGyJA,raw_videos/xylophone/dpnBlIZGyJA.mp4,processed/xylophone/dpnBlIZGyJA
xylophone,No-IJw4uWMw,xylophone/No-IJw4uWMw,raw_videos/xylophone/No-IJw4uWMw.mp4,processed/xylophone/No-IJw4uWMw
xylophone,5lm9laLSORc,xylophone/5lm9laLSORc,raw_videos/xylophone/5lm9laLSORc.mp4,processed/xylophone/5lm9laLSORc
xylophone,L_ErwglZCJM,xylophone/L_ErwglZCJM,raw_videos/xylophone/L_ErwglZCJM.mp4,processed/xylophone/L_ErwglZCJM
xylophone,nd9xha3vk58,xylophone/nd9xha3vk58,raw_videos/xylophone/nd9xha3vk58.mp4,processed/xylophone/nd9xha3vk58
xylophone,cFE8EGRh9Lg,xylophone/cFE8EGRh9Lg,raw_videos/xylophone/cFE8EGRh9Lg.mp4,processed/xylophone/cFE8EGRh9Lg
xylophone,fyPIW5G4P5Y,xylophone/fyPIW5G4P5Y,raw_videos/xylophone/fyPIW5G4P5Y.mp4,processed/xylophone/fyPIW5G4P5Y
xylophone,ECZ_6_tv3Rc,xylophone/ECZ_6_tv3Rc,raw_videos/xylophone/ECZ_6_tv3Rc.mp4,processed/xylophone/ECZ_6_tv3Rc
xylophone,EHf-2FD0dF0,xylophone/EHf-2FD0dF0,raw_videos/xylophone/EHf-2FD0dF0.mp4,processed/xylophone/EHf-2FD0dF0
xylophone,B4T4vpw3hJQ,xylophone/B4T4vpw3hJQ,raw_videos/xylophone/B4T4vpw3hJQ.mp4,processed/xylophone/B4T4vpw3hJQ
xylophone,CilZ1lweaNw,xylophone/CilZ1lweaNw,raw_videos/xylophone/CilZ1lweaNw.mp4,processed/xylophone/CilZ1lweaNw
xylophone,SDiaho-eanY,xylophone/SDiaho-eanY,raw_videos/xylophone/SDiaho-eanY.mp4,processed/xylophone/SDiaho-eanY
xylophone,vLjzd60u7LM,xylophone/vLjzd60u7LM,raw_videos/xylophone/vLjzd60u7LM.mp4,processed/xylophone/vLjzd60u7LM
xylophone,vfbL_-56a9I,xylophone/vfbL_-56a9I,raw_videos/xylophone/vfbL_-56a9I.mp4,processed/xylophone/vfbL_-56a9I
xylophone,EjgGLQk-ezo,xylophone/EjgGLQk-ezo,raw_videos/xylophone/EjgGLQk-ezo.mp4,processed/xylophone/EjgGLQk-ezo
xylophone,JB575cNeeP0,xylophone/JB575cNeeP0,raw_videos/xylophone/JB575cNeeP0.mp4,processed/xylophone/JB575cNeeP0
xylophone,4HC5hKRKQ88,xylophone/4HC5hKRKQ88,raw_videos/xylophone/4HC5hKRKQ88.mp4,processed/xylophone/4HC5hKRKQ88
xylophone,seCSaZzPlg4,xylophone/seCSaZzPlg4,raw_videos/xylophone/seCSaZzPlg4.mp4,processed/xylophone/seCSaZzPlg4
xylophone,xPM2RSVfGM0,xylophone/xPM2RSVfGM0,raw_videos/xylophone/xPM2RSVfGM0.mp4,processed/xylophone/xPM2RSVfGM0
xylophone,0vhOtAynSqA,xylophone/0vhOtAynSqA,raw_videos/xylophone/0vhOtAynSqA.mp4,processed/xylophone/0vhOtAynSqA
xylophone,wXGXnK8xF-k,xylophone/wXGXnK8xF-k,raw_videos/xylophone/wXGXnK8xF-k.mp4,processed/xylophone/wXGXnK8xF-k
xylophone,NYqLL1PQp7k,xylophone/NYqLL1PQp7k,raw_videos/xylophone/NYqLL1PQp7k.mp4,processed/xylophone/NYqLL1PQp7k
xylophone,x-m_RB936Ac,xylophone/x-m_RB936Ac,raw_videos/xylophone/x-m_RB936Ac.mp4,processed/xylophone/x-m_RB936Ac
xylophone,ARZqZZEIsZU,xylophone/ARZqZZEIsZU,raw_videos/xylophone/ARZqZZEIsZU.mp4,processed/xylophone/ARZqZZEIsZU
xylophone,k6zESTteJJg,xylophone/k6zESTteJJg,raw_videos/xylophone/k6zESTteJJg.mp4,processed/xylophone/k6zESTteJJg
xylophone,3xyFHoNFbTs,xylophone/3xyFHoNFbTs,raw_videos/xylophone/3xyFHoNFbTs.mp4,processed/xylophone/3xyFHoNFbTs
xylophone,aFoEDxoBijQ,xylophone/aFoEDxoBijQ,raw_videos/xylophone/aFoEDxoBijQ.mp4,processed/xylophone/aFoEDxoBijQ
xylophone,Et7tkk5IWw8,xylophone/Et7tkk5IWw8,raw_videos/xylophone/Et7tkk5IWw8.mp4,processed/xylophone/Et7tkk5IWw8
xylophone,EIaRDR5rqls,xylophone/EIaRDR5rqls,raw_videos/xylophone/EIaRDR5rqls.mp4,processed/xylophone/EIaRDR5rqls
xylophone,sU8_RGyJ-PQ,xylophone/sU8_RGyJ-PQ,raw_videos/xylophone/sU8_RGyJ-PQ.mp4,processed/xylophone/sU8_RGyJ-PQ
xylophone,47-VnuK3CSY,xylophone/47-VnuK3CSY,raw_videos/xylophone/47-VnuK3CSY.mp4,processed/xylophone/47-VnuK3CSY
xylophone,Fgbvyw4Cf80,xylophone/Fgbvyw4Cf80,raw_videos/xylophone/Fgbvyw4Cf80.mp4,processed/xylophone/Fgbvyw4Cf80
xylophone,OpDmGM7d1GI,xylophone/OpDmGM7d1GI,raw_videos/xylophone/OpDmGM7d1GI.mp4,processed/xylophone/OpDmGM7d1GI
xylophone,EhXikZ2IZyQ,xylophone/EhXikZ2IZyQ,raw_videos/xylophone/EhXikZ2IZyQ.mp4,processed/xylophone/EhXikZ2IZyQ
xylophone,EeOy39d4pRQ,xylophone/EeOy39d4pRQ,raw_videos/xylophone/EeOy39d4pRQ.mp4,processed/xylophone/EeOy39d4pRQ
xylophone,WTXpGVM-6PU,xylophone/WTXpGVM-6PU,raw_videos/xylophone/WTXpGVM-6PU.mp4,processed/xylophone/WTXpGVM-6PU
xylophone,Kqd-74v3SXA,xylophone/Kqd-74v3SXA,raw_videos/xylophone/Kqd-74v3SXA.mp4,processed/xylophone/Kqd-74v3SXA
xylophone,hrLZunpW2Vs,xylophone/hrLZunpW2Vs,raw_videos/xylophone/hrLZunpW2Vs.mp4,processed/xylophone/hrLZunpW2Vs
xylophone,fgk5wJ59xY0,xylophone/fgk5wJ59xY0,raw_videos/xylophone/fgk5wJ59xY0.mp4,processed/xylophone/fgk5wJ59xY0
xylophone,PS8diKmWs8I,xylophone/PS8diKmWs8I,raw_videos/xylophone/PS8diKmWs8I.mp4,processed/xylophone/PS8diKmWs8I
xylophone,Gi3egXzSbqg,xylophone/Gi3egXzSbqg,raw_videos/xylophone/Gi3egXzSbqg.mp4,processed/xylophone/Gi3egXzSbqg
xylophone,R6Iym0chlHY,xylophone/R6Iym0chlHY,raw_videos/xylophone/R6Iym0chlHY.mp4,processed/xylophone/R6Iym0chlHY
xylophone,BiaiDlV13-E,xylophone/BiaiDlV13-E,raw_videos/xylophone/BiaiDlV13-E.mp4,processed/xylophone/BiaiDlV13-E
xylophone,74nVoEVMJDs,xylophone/74nVoEVMJDs,raw_videos/xylophone/74nVoEVMJDs.mp4,processed/xylophone/74nVoEVMJDs
xylophone,qLnO12t3Ow8,xylophone/qLnO12t3Ow8,raw_videos/xylophone/qLnO12t3Ow8.mp4,processed/xylophone/qLnO12t3Ow8
xylophone,cgSr0R6J430,xylophone/cgSr0R6J430,raw_videos/xylophone/cgSr0R6J430.mp4,processed/xylophone/cgSr0R6J430
xylophone,QTib0vyyXWo,xylophone/QTib0vyyXWo,raw_videos/xylophone/QTib0vyyXWo.mp4,processed/xylophone/QTib0vyyXWo
xylophone,ZTK3rvsN_q4,xylophone/ZTK3rvsN_q4,raw_videos/xylophone/ZTK3rvsN_q4.mp4,processed/xylophone/ZTK3rvsN_q4
xylophone,aR3TJADmsyM,xylophone/aR3TJADmsyM,raw_videos/xylophone/aR3TJADmsyM.mp4,processed/xylophone/aR3TJADmsyM
xylophone,D0kbcCl7PNk,xylophone/D0kbcCl7PNk,raw_videos/xylophone/D0kbcCl7PNk.mp4,processed/xylophone/D0kbcCl7PNk
xylophone,Bqt3MoT7zyo,xylophone/Bqt3MoT7zyo,raw_videos/xylophone/Bqt3MoT7zyo.mp4,processed/xylophone/Bqt3MoT7zyo
xylophone,v3ofHJLv1ow,xylophone/v3ofHJLv1ow,raw_videos/xylophone/v3ofHJLv1ow.mp4,processed/xylophone/v3ofHJLv1ow
xylophone,LEoCI5z-vS4,xylophone/LEoCI5z-vS4,raw_videos/xylophone/LEoCI5z-vS4.mp4,processed/xylophone/LEoCI5z-vS4
xylophone,4QhYswpd1PA,xylophone/4QhYswpd1PA,raw_videos/xylophone/4QhYswpd1PA.mp4,processed/xylophone/4QhYswpd1PA
xylophone,WYP_B9zVKE0,xylophone/WYP_B9zVKE0,raw_videos/xylophone/WYP_B9zVKE0.mp4,processed/xylophone/WYP_B9zVKE0
